Cites,Authors,Title,Year,Source,Publisher,ArticleURL,CitesURL,GSRank,QueryDate,Type,DOI,ISSN,CitationURL,Volume,Issue,StartPage,EndPage,ECC,CitesPerYear,CitesPerAuthor,AuthorCount,Age,Abstract,FullTextURL,RelatedURL
217,"S Humberg, S Nestler, MD Back","Response surface analysis in personality and social psychology: Checklist and clarifications for the case of congruence hypotheses",2019,"Social Psychological and …","journals.sagepub.com","https://journals.sagepub.com/doi/abs/10.1177/1948550618757600","https://scholar.google.com/scholar?cites=2777901343867529945&as_sdt=2005&sciodt=0,5&hl=en",1,"2023-09-25 12:52:48","","10.1177/1948550618757600","","",,,,,217,54.25,72,3,4,"Response surface analysis (RSA) enables researchers to test complex psychological effects, for example, whether the congruence of two psychological constructs is associated …","https://files.osf.io/v1/resources/mhf2y/providers/osfstorage/5a69fe56630114000db0dce5?action=download&version=3&direct&format=pdf","https://scholar.google.com/scholar?q=related:2epN5o0WjSYJ:scholar.google.com/&scioq=source:%22social+psychological+and+personality+science%22&hl=en&as_sdt=0,5&as_ylo=2019&as_yhi=2019"
172,"CR Mortensen, R Neel, RB Cialdini…","Trending norms: A lever for encouraging behaviors performed by the minority",2019,"… Personality Science","journals.sagepub.com","https://journals.sagepub.com/doi/abs/10.1177/1948550617734615","https://scholar.google.com/scholar?cites=13048832947487316633&as_sdt=2005&sciodt=0,5&hl=en",2,"2023-09-25 12:52:48","","10.1177/1948550617734615","","",,,,,172,43.00,43,4,4,"If many people currently engage in a behavior, others are likely to follow suit. The current article extends research on these descriptive norms to examine the unique effect of trending …","https://www.researchgate.net/profile/Chad-Mortensen/publication/322122518_Trending_Norms_A_Lever_for_Encouraging_Behaviors_Performed_by_the_Minority/links/643fe35a39aa471a524c96b3/Trending-Norms-A-Lever-for-Encouraging-Behaviors-Performed-by-the-Minority.pdf","https://scholar.google.com/scholar?q=related:mRplGG7EFrUJ:scholar.google.com/&scioq=source:%22social+psychological+and+personality+science%22&hl=en&as_sdt=0,5&as_ylo=2019&as_yhi=2019"
159,"J Cesario, DJ Johnson, W Terrill","Is there evidence of racial disparity in police use of deadly force? Analyses of officer-involved fatal shootings in 2015–2016",2019,"Social psychological and …","journals.sagepub.com","https://journals.sagepub.com/doi/abs/10.1177/1948550618775108","https://scholar.google.com/scholar?cites=16050696012332126756&as_sdt=2005&sciodt=0,5&hl=en",3,"2023-09-25 12:52:48","","10.1177/1948550618775108","","",,,,,159,39.75,53,3,4,"Is there evidence of a Black–White disparity in death by police gunfire in the United States? This is commonly answered by comparing the odds of being fatally shot for Blacks and …","https://www.researchgate.net/profile/Joseph-Cesario/publication/325752754_Is_There_Evidence_of_Racial_Disparity_in_Police_Use_of_Deadly_Force_Analyses_of_Officer-Involved_Fatal_Shootings_in_2015-2016/links/5b264408a6fdcc697469d595/Is-There-Evidence-of-Racial-Disparity-in-Police-Use-of-Deadly-Force-Analyses-of-Officer-Involved-Fatal-Shootings-in-2015-2016.pdf","https://scholar.google.com/scholar?q=related:JNLVpPuGv94J:scholar.google.com/&scioq=source:%22social+psychological+and+personality+science%22&hl=en&as_sdt=0,5&as_ylo=2019&as_yhi=2019"
151,"CM Bonam, V Nair Das…","Ignoring history, denying racism: Mounting evidence for the Marley hypothesis and epistemologies of ignorance",2019,"Social Psychological …","journals.sagepub.com","https://journals.sagepub.com/doi/abs/10.1177/1948550617751583","https://scholar.google.com/scholar?cites=5885175855021831128&as_sdt=2005&sciodt=0,5&hl=en",4,"2023-09-25 12:52:48","","10.1177/1948550617751583","","",,,,,151,37.75,50,3,4,"In demonstration of the Marley hypothesis, Nelson, Adams, and Salter showed that differences in critical historical knowledge (ie, knowledge of past racism) and motivation to …","https://cedar.wwu.edu/cgi/viewcontent.cgi?article=1002&context=woodring_dei","https://scholar.google.com/scholar?q=related:2DNIV0JYrFEJ:scholar.google.com/&scioq=source:%22social+psychological+and+personality+science%22&hl=en&as_sdt=0,5&as_ylo=2019&as_yhi=2019"
114,"J Womick, T Rothmund, F Azevedo…","Group-based dominance and authoritarian aggression predict support for Donald Trump in the 2016 US presidential election",2019,"Social Psychological …","journals.sagepub.com","https://journals.sagepub.com/doi/abs/10.1177/1948550618778290","https://scholar.google.com/scholar?cites=13746379906722716959&as_sdt=2005&sciodt=0,5&hl=en",5,"2023-09-25 12:52:48","","10.1177/1948550618778290","","",,,,,114,28.50,29,4,4,"In three convenience samples (combined N= 3,755) and one nationally representative survey (N= 1,500), we investigated whether and how right-wing authoritarianism (RWA) and …","https://as.nyu.edu/content/dam/nyu-as/psychology/documents/facultypublications/johnjost/Group-Based%20Dominance%20%26%20Authoritarian%20Aggression%20Predict%20Support%20for%20Trump.pdf","https://scholar.google.com/scholar?q=related:H13Gl7HzxL4J:scholar.google.com/&scioq=source:%22social+psychological+and+personality+science%22&hl=en&as_sdt=0,5&as_ylo=2019&as_yhi=2019"
112,"FM Sortheix, PD Parker, CM Lechner…","Changes in young Europeans' values during the global financial crisis",2019,"Social Psychological …","journals.sagepub.com","https://journals.sagepub.com/doi/abs/10.1177/1948550617732610","https://scholar.google.com/scholar?cites=5735350272468011377&as_sdt=2005&sciodt=0,5&hl=en",6,"2023-09-25 12:52:48","","10.1177/1948550617732610","","",,,,,112,28.00,28,4,4,"We investigate the impact of the global financial crisis (GFC) on the personal values of youth and young adults (age 16–35 years) from 16 European countries. Using time series cross …","https://journals.sagepub.com/doi/full/10.1177/1948550617732610","https://scholar.google.com/scholar?q=related:cUnlhK8OmE8J:scholar.google.com/&scioq=source:%22social+psychological+and+personality+science%22&hl=en&as_sdt=0,5&as_ylo=2019&as_yhi=2019"
95,"D Kidd, E Castano","Reading literary fiction and theory of mind: Three preregistered replications and extensions of Kidd and Castano (2013)",2019,"… Psychological and Personality Science","journals.sagepub.com","https://journals.sagepub.com/doi/abs/10.1177/1948550618775410","https://scholar.google.com/scholar?cites=5926150023900048598&as_sdt=2005&sciodt=0,5&hl=en",7,"2023-09-25 12:52:48","","10.1177/1948550618775410","","",,,,,95,23.75,48,2,4,"Scholars from diverse disciplines have proposed that reading fiction improves intersubjective capacities. Experiments have yielded mixed evidence that reading literary …","https://www.academia.edu/download/57554337/2018KiddCastano_SPPS.pdf","https://scholar.google.com/scholar?q=related:1iw8dAzqPVIJ:scholar.google.com/&scioq=source:%22social+psychological+and+personality+science%22&hl=en&as_sdt=0,5&as_ylo=2019&as_yhi=2019"
68,"A Gampa, SP Wojcik, M Motyl…","(Ideo) Logical reasoning: Ideology impairs sound reasoning",2019,"Social Psychological …","journals.sagepub.com","https://journals.sagepub.com/doi/abs/10.1177/1948550619829059","https://scholar.google.com/scholar?cites=179347254160879903&as_sdt=2005&sciodt=0,5&hl=en",8,"2023-09-25 12:52:48","","10.1177/1948550619829059","","",,,,,68,17.00,17,4,4,"Beliefs shape how people interpret information and may impair how people engage in logical reasoning. In three studies, we show how ideological beliefs impair people's ability to …","https://psyarxiv.com/hspjz/download?format=pdf","https://scholar.google.com/scholar?q=related:H3Gzn2ArfQIJ:scholar.google.com/&scioq=source:%22social+psychological+and+personality+science%22&hl=en&as_sdt=0,5&as_ylo=2019&as_yhi=2019"
77,"LS Wilton, EP Apfelbaum…","Valuing differences and reinforcing them: Multiculturalism increases race essentialism",2019,"Social Psychological and …","journals.sagepub.com","https://journals.sagepub.com/doi/abs/10.1177/1948550618780728","https://scholar.google.com/scholar?cites=18255338284648924911&as_sdt=2005&sciodt=0,5&hl=en",9,"2023-09-25 12:52:48","","10.1177/1948550618780728","","",,,,,77,19.25,26,3,4,"A substantial body of research on diversity philosophies has shown that multiculturalism (ie, emphasizing and valuing cultural/ethnic differences) is a more effective way to promote …","","https://scholar.google.com/scholar?q=related:74YW73L9V_0J:scholar.google.com/&scioq=source:%22social+psychological+and+personality+science%22&hl=en&as_sdt=0,5&as_ylo=2019&as_yhi=2019"
66,"E García-Sánchez, J Van der Toorn…","The vicious cycle of economic inequality: The role of ideology in shaping the relationship between “what is” and “what ought to be” in 41 countries",2019,"… Personality Science","journals.sagepub.com","https://journals.sagepub.com/doi/abs/10.1177/1948550618811500","https://scholar.google.com/scholar?cites=1396275648503650458&as_sdt=2005&sciodt=0,5&hl=en",10,"2023-09-25 12:52:48","","10.1177/1948550618811500","","",,,,,66,16.50,22,3,4,"People's desired levels of inequality are informed by the levels of inequality they perceive to exist. Perceived economic inequality is used as a reference point in determining people's …","https://dspace.library.uu.nl/bitstream/handle/1874/387898/1948550618811500.pdf?sequence=1","https://scholar.google.com/scholar?q=related:mpiW9U2RYBMJ:scholar.google.com/&scioq=source:%22social+psychological+and+personality+science%22&hl=en&as_sdt=0,5&as_ylo=2019&as_yhi=2019"
71,"M Prentice, E Jayawickreme…","Morality as a basic psychological need",2019,"… Personality Science","journals.sagepub.com","https://journals.sagepub.com/doi/abs/10.1177/1948550618772011","https://scholar.google.com/scholar?cites=6011681814340025601&as_sdt=2005&sciodt=0,5&hl=en",11,"2023-09-25 12:52:48","","10.1177/1948550618772011","","",,,,,71,17.75,24,3,4,"We investigate the long-standing yet understudied assumption that feeling moral is a basic psychological need, perhaps like the needs to feel autonomous, competent, and related …","https://journals.sagepub.com/doi/full/10.1177/1948550618772011","https://scholar.google.com/scholar?q=related:Ab1pRsLIbVMJ:scholar.google.com/&scioq=source:%22social+psychological+and+personality+science%22&hl=en&as_sdt=0,5&as_ylo=2019&as_yhi=2019"
62,"SM Garcia, K Weaver, P Chen","The status signals paradox",2019,"Social Psychological and …","journals.sagepub.com","https://journals.sagepub.com/doi/abs/10.1177/1948550618783712","https://scholar.google.com/scholar?cites=5203954088137085653&as_sdt=2005&sciodt=0,5&hl=en",12,"2023-09-25 12:52:48","","10.1177/1948550618783712","","",,,,,62,15.50,21,3,4,"Making friends is critical to well-being. We also live in a society where the display of status is ubiquitous and billions of dollars are spent on high-status consumer goods. In the present …","http://www-personal.umich.edu/~smgarcia/pubs/Status_Signals_Paradox.pdf","https://scholar.google.com/scholar?q=related:1VLa4qsoOEgJ:scholar.google.com/&scioq=source:%22social+psychological+and+personality+science%22&hl=en&as_sdt=0,5&as_ylo=2019&as_yhi=2019"
66,"N Wofford, AM Defever…","The vicarious effects of discrimination: How partner experiences of discrimination affect individual health",2019,"Social psychological and …","journals.sagepub.com","https://journals.sagepub.com/doi/abs/10.1177/1948550617746218","https://scholar.google.com/scholar?cites=17869614434123938848&as_sdt=2005&sciodt=0,5&hl=en",13,"2023-09-25 12:52:48","","10.1177/1948550617746218","","",,,,,66,16.50,22,3,4,"Little is known about how discriminatory experiences are associated with interpersonal relationships—specifically whether one person's experience of discrimination has …","https://journals.sagepub.com/doi/full/10.1177/1948550617746218","https://scholar.google.com/scholar?q=related:IHwmi6af_fcJ:scholar.google.com/&scioq=source:%22social+psychological+and+personality+science%22&hl=en&as_sdt=0,5&as_ylo=2019&as_yhi=2019"
67,"LK Tip, R Brown, L Morrice, M Collyer…","Improving refugee well-being with better language skills and more intergroup contact",2019,"… Personality Science","journals.sagepub.com","https://journals.sagepub.com/doi/abs/10.1177/1948550617752062","https://scholar.google.com/scholar?cites=8625661974535797310&as_sdt=2005&sciodt=0,5&hl=en",14,"2023-09-25 12:52:48","","10.1177/1948550617752062","","",,,,,67,16.75,13,5,4,"The effects of intergroup contact on prejudice are well established. However, its effects on minority group well-being have been rarely studied. We hypothesized that contact with …","https://journals.sagepub.com/doi/full/10.1177/1948550617752062","https://scholar.google.com/scholar?q=related:PvrMeN2BtHcJ:scholar.google.com/&scioq=source:%22social+psychological+and+personality+science%22&hl=en&as_sdt=0,5&as_ylo=2019&as_yhi=2019"
57,"DJ Johnson, WJ Chopik","Geographic variation in the black-violence stereotype",2019,"… Psychological and Personality …","journals.sagepub.com","https://journals.sagepub.com/doi/abs/10.1177/1948550617753522","https://scholar.google.com/scholar?cites=2937012874846819163&as_sdt=2005&sciodt=0,5&hl=en",15,"2023-09-25 12:52:48","","10.1177/1948550617753522","","",,,,,57,14.25,29,2,4,"The stereotype that Blacks are violent is pervasive in the United States. Yet little research has examined whether this stereotype is linked to violent behavior from members of different …","https://www.centenary.edu/files/resources/2019-sept-jc-zunick.pdf","https://scholar.google.com/scholar?q=related:W1P-EaZdwigJ:scholar.google.com/&scioq=source:%22social+psychological+and+personality+science%22&hl=en&as_sdt=0,5&as_ylo=2019&as_yhi=2019"
60,"P Van Dessel, Y Ye…","Changing deep-rooted implicit evaluation in the blink of an eye: Negative verbal information shifts automatic liking of Gandhi",2019,"Social Psychological and …","journals.sagepub.com","https://journals.sagepub.com/doi/abs/10.1177/1948550617752064","https://scholar.google.com/scholar?cites=8126042672648383530&as_sdt=2005&sciodt=0,5&hl=en",16,"2023-09-25 12:52:48","","10.1177/1948550617752064","","",,,,,60,15.00,20,3,4,"It is often assumed that, once established, spontaneous or implicit evaluations are resistant to immediate change. Recent research contradicts this theoretical stance, showing that a …","https://biblio.ugent.be/publication/8542047/file/8542048","https://scholar.google.com/scholar?q=related:Kmzf1MGAxXAJ:scholar.google.com/&scioq=source:%22social+psychological+and+personality+science%22&hl=en&as_sdt=0,5&as_ylo=2019&as_yhi=2019"
62,"JF Rauthmann, KT Horstmann…","Do self-reported traits and aggregated states capture the same thing? A nomological perspective on trait-state homomorphy",2019,"Social Psychological …","journals.sagepub.com","https://journals.sagepub.com/doi/abs/10.1177/1948550618774772","https://scholar.google.com/scholar?cites=13716397491096860662&as_sdt=2005&sciodt=0,5&hl=en",17,"2023-09-25 12:52:48","","10.1177/1948550618774772","","",,,,,62,15.50,21,3,4,"Convergent correlations between traits and state aggregates from experience sampling cannot fully establish trait-state homomorphy (the extent to which the same constructs are …","https://edoc.hu-berlin.de/bitstream/handle/18452/22949/10.1177_1948550618774772.pdf?sequence=4","https://scholar.google.com/scholar?q=related:9jfjdthuWr4J:scholar.google.com/&scioq=source:%22social+psychological+and+personality+science%22&hl=en&as_sdt=0,5&as_ylo=2019&as_yhi=2019"
61,"DS Chester, EN Lasko","Validating a standardized approach to the Taylor Aggression Paradigm",2019,"… Psychological and Personality …","journals.sagepub.com","https://journals.sagepub.com/doi/abs/10.1177/1948550618775408","https://scholar.google.com/scholar?cites=15726030302351037681&as_sdt=2005&sciodt=0,5&hl=en",18,"2023-09-25 12:52:48","","10.1177/1948550618775408","","",,,,,61,15.25,31,2,4,"The Taylor Aggression Paradigm (TAP) is a frequently used laboratory measure of aggression. However, the flexibility inherent in its implementation and analysis can …","https://psyarxiv.com/k24h8/download?format=pdf","https://scholar.google.com/scholar?q=related:8ZSpaj0VPtoJ:scholar.google.com/&scioq=source:%22social+psychological+and+personality+science%22&hl=en&as_sdt=0,5&as_ylo=2019&as_yhi=2019"
60,"W Hall, T Schmader, A Aday…","Decoding the dynamics of social identity threat in the workplace: A within-person analysis of women's and men's interactions in STEM",2019,"Social Psychological and …","journals.sagepub.com","https://journals.sagepub.com/doi/abs/10.1177/1948550618772582","https://scholar.google.com/scholar?cites=6238752845222607656&as_sdt=2005&sciodt=0,5&hl=en",19,"2023-09-25 12:52:48","","10.1177/1948550618772582","","",,,,,60,15.00,15,4,4,"The present research examined whether women's daily experience of social identity threat in science, technology, engineering, and math (STEM) settings is triggered by a lack of …","https://www.will-hall.ca/publications/spps-hall-2018.pdf","https://scholar.google.com/scholar?q=related:KHvzjKiAlFYJ:scholar.google.com/&scioq=source:%22social+psychological+and+personality+science%22&hl=en&as_sdt=0,5&as_ylo=2019&as_yhi=2019"
53,"H Rosenbusch, AM Evans…","Multilevel emotion transfer on YouTube: Disentangling the effects of emotional contagion and homophily on video audiences",2019,"Social Psychological …","journals.sagepub.com","https://journals.sagepub.com/doi/abs/10.1177/1948550618820309","https://scholar.google.com/scholar?cites=14477835722783566622&as_sdt=2005&sciodt=0,5&hl=en",20,"2023-09-25 12:52:48","","10.1177/1948550618820309","","",,,,,53,13.25,18,3,4,"Why do connected users in online social networks express similar emotions? Past approaches have suggested situational emotion transfers (ie, contagion) and the …","https://journals.sagepub.com/doi/full/10.1177/1948550618820309","https://scholar.google.com/scholar?q=related:Hqv5DOKa68gJ:scholar.google.com/&scioq=source:%22social+psychological+and+personality+science%22&hl=en&as_sdt=0,5&as_ylo=2019&as_yhi=2019"
52,"LS Wilton, AN Bell, CM Carpinella…","Lay theories of gender influence support for women and transgender people's legal rights",2019,"… Personality Science","journals.sagepub.com","https://journals.sagepub.com/doi/abs/10.1177/1948550618803608","https://scholar.google.com/scholar?cites=13895816461647910094&as_sdt=2005&sciodt=0,5&hl=en",21,"2023-09-25 12:52:48","","10.1177/1948550618803608","","",,,,,52,13.00,13,4,4,"Essentialism—the belief that differences between groups of people are biologically based and unchangeable—is strongly associated with prejudice toward a variety of social groups …","https://www.academia.edu/download/58044447/1948550618803608_1.pdf","https://scholar.google.com/scholar?q=related:zpSM3HLb18AJ:scholar.google.com/&scioq=source:%22social+psychological+and+personality+science%22&hl=en&as_sdt=0,5&as_ylo=2019&as_yhi=2019"
50,"G Nicolas, AL Skinner…","Other than the sum: Hispanic and Middle Eastern categorizations of Black–White mixed-race faces",2019,"Social Psychological and …","journals.sagepub.com","https://journals.sagepub.com/doi/abs/10.1177/1948550618769591","https://scholar.google.com/scholar?cites=9583156218654138348&as_sdt=2005&sciodt=0,5&hl=en",22,"2023-09-25 12:52:48","","10.1177/1948550618769591","","",,,,,50,12.50,17,3,4,"The racial categorization literature, reliant on forced-choice tasks, suggests that mixed-race targets are often categorized using the parent faces that created the racially mixed stimuli …","https://www.researchgate.net/profile/Cheryl-Dickter/publication/326073783_Other_Than_the_Sum_Hispanic_and_Middle_Eastern_Categorizations_of_Black-White_Mixed-Race_Faces/links/5b8d8106299bf114b7f045f3/Other-Than-the-Sum-Hispanic-and-Middle-Eastern-Categorizations-of-Black-White-Mixed-Race-Faces.pdf","https://scholar.google.com/scholar?q=related:7J_0n841_oQJ:scholar.google.com/&scioq=source:%22social+psychological+and+personality+science%22&hl=en&as_sdt=0,5&as_ylo=2019&as_yhi=2019"
51,"DR Murray, N Kerry…","On disease and deontology: Multiple tests of the influence of disease threat on moral vigilance",2019,"Social Psychological and …","journals.sagepub.com","https://journals.sagepub.com/doi/abs/10.1177/1948550617733518","https://scholar.google.com/scholar?cites=290559560037938071&as_sdt=2005&sciodt=0,5&hl=en",23,"2023-09-25 12:52:48","","10.1177/1948550617733518","","",,,,,51,12.75,17,3,4,"Threat has been linked to certain facets of moral cognition, but the specific implications of disease threat for moral judgment remain poorly understood. Across three studies, we …","https://journals.sagepub.com/doi/full/10.1177/1948550617733518","https://scholar.google.com/scholar?q=related:l7MnYmFGCAQJ:scholar.google.com/&scioq=source:%22social+psychological+and+personality+science%22&hl=en&as_sdt=0,5&as_ylo=2019&as_yhi=2019"
49,"T Schwaba, RW Robins…","Optimism development across adulthood and associations with positive and negative life events",2019,"Social Psychological …","journals.sagepub.com","https://journals.sagepub.com/doi/abs/10.1177/1948550619832023","https://scholar.google.com/scholar?cites=7238858099528274974&as_sdt=2005&sciodt=0,5&hl=en",24,"2023-09-25 12:52:48","","10.1177/1948550619832023","","",,,,,49,12.25,16,3,4,"Numerous studies have demonstrated long-term benefits of optimism for physical and mental health. However, little research has examined how optimism develops across the life …","https://psyarxiv.com/s6x87/download?format=pdf","https://scholar.google.com/scholar?q=related:HpTXoRaXdWQJ:scholar.google.com/&scioq=source:%22social+psychological+and+personality+science%22&hl=en&as_sdt=0,5&as_ylo=2019&as_yhi=2019"
47,"J Piazza, P Sousa, J Rottman…","Which appraisals are foundational to moral judgment? Harm, injustice, and beyond",2019,"Social Psychological …","journals.sagepub.com","https://journals.sagepub.com/doi/abs/10.1177/1948550618801326","https://scholar.google.com/scholar?cites=1049167694091734250&as_sdt=2005&sciodt=0,5&hl=en",25,"2023-09-25 12:52:48","","10.1177/1948550618801326","","",,,,,47,11.75,12,4,4,"Harm-centric accounts of judgments of moral wrongdoing argue that moral judgments are fundamentally based on appraisals of harm. However, past research has failed to …","https://eprints.lancs.ac.uk/id/eprint/127129/1/Authors_Final_SPPS_Aug_24.pdf","https://scholar.google.com/scholar?q=related:6kwnhHVkjw4J:scholar.google.com/&scioq=source:%22social+psychological+and+personality+science%22&hl=en&as_sdt=0,5&as_ylo=2019&as_yhi=2019"
51,"J Armstrong, R Friesdorf…","Clarifying gender differences in moral dilemma judgments: The complementary roles of harm aversion and action aversion",2019,"Social Psychological and …","journals.sagepub.com","https://journals.sagepub.com/doi/abs/10.1177/1948550618755873","https://scholar.google.com/scholar?cites=7077744383530710345&as_sdt=2005&sciodt=0,5&hl=en",26,"2023-09-25 12:52:48","","10.1177/1948550618755873","","",,,,,51,12.75,17,3,4,"Moral dilemmas entail situations where decisions consistent with deontological principles (following moral rules) conflict with decisions consistent with utilitarian principles …","https://journals.sagepub.com/doi/full/10.1177/1948550618755873","https://scholar.google.com/scholar?q=related:STVdbwQzOWIJ:scholar.google.com/&scioq=source:%22social+psychological+and+personality+science%22&hl=en&as_sdt=0,5&as_ylo=2019&as_yhi=2019"
57,"J Dalege, D Borsboom…","A network perspective on attitude strength: Testing the connectivity hypothesis",2019,"… Personality Science","journals.sagepub.com","https://journals.sagepub.com/doi/abs/10.1177/1948550618781062","https://scholar.google.com/scholar?cites=3936332697296656536&as_sdt=2005&sciodt=0,5&hl=en",27,"2023-09-25 12:52:48","","10.1177/1948550618781062","","",,,,,57,14.25,19,3,4,"Attitude strength is a key characteristic of attitudes. Strong attitudes are durable and impactful, while weak attitudes are fluctuating and inconsequential. Recently, the causal …","https://journals.sagepub.com/doi/full/10.1177/1948550618781062","https://scholar.google.com/scholar?q=related:mFgfjLupoDYJ:scholar.google.com/&scioq=source:%22social+psychological+and+personality+science%22&hl=en&as_sdt=0,5&as_ylo=2019&as_yhi=2019"
51,"DB Newman, N Schwarz, J Graham…","Conservatives report greater meaning in life than liberals",2019,"Social Psychological …","journals.sagepub.com","https://journals.sagepub.com/doi/abs/10.1177/1948550618768241","https://scholar.google.com/scholar?cites=14299444737077586600&as_sdt=2005&sciodt=0,5&hl=en",28,"2023-09-25 12:52:48","","10.1177/1948550618768241","","",,,,,51,12.75,13,4,4,"Conservatives report greater life satisfaction than liberals, but this relationship is relatively weak. To date, the evidence is limited to a narrow set of well-being measures that ask …","https://www.ncbi.nlm.nih.gov/pmc/articles/PMC6764755/","https://scholar.google.com/scholar?q=related:qKrWBjrVccYJ:scholar.google.com/&scioq=source:%22social+psychological+and+personality+science%22&hl=en&as_sdt=0,5&as_ylo=2019&as_yhi=2019"
46,"T Davoodi, M Jamshidi-Sianaki…","Beliefs about religious and scientific entities among parents and children in Iran",2019,"… Personality Science","journals.sagepub.com","https://journals.sagepub.com/doi/abs/10.1177/1948550618806057","https://scholar.google.com/scholar?cites=2524320814701239490&as_sdt=2005&sciodt=0,5&hl=en",29,"2023-09-25 12:52:48","","10.1177/1948550618806057","","",,,,,46,11.50,15,3,4,"Previous research has shown that children and adults express more confidence in the existence of unobservable scientific (eg, germs), as compared to religious, phenomena (eg …","https://www.bulearnlab.com/s/1948550618806057.pdf","https://scholar.google.com/scholar?q=related:wlxkE2gwCCMJ:scholar.google.com/&scioq=source:%22social+psychological+and+personality+science%22&hl=en&as_sdt=0,5&as_ylo=2019&as_yhi=2019"
50,"RM McManus, AM Rutchick","Autonomous vehicles and the attribution of moral responsibility",2019,"… psychological and personality …","journals.sagepub.com","https://journals.sagepub.com/doi/abs/10.1177/1948550618755875","https://scholar.google.com/scholar?cites=9185300168990718146&as_sdt=2005&sciodt=0,5&hl=en",30,"2023-09-25 12:52:48","","10.1177/1948550618755875","","",,,,,50,12.50,25,2,4,"With the imminent advent of autonomous vehicles (AVs) comes a moral dilemma: How do people assign responsibility in the event of a fatal accident? AVs necessarily create …","https://www.researchgate.net/profile/Ryan-Mcmanus-3/publication/322518924_Autonomous_Vehicles_and_the_Attribution_of_Moral_Responsibility/links/5e4acd6e458515072da6dc21/Autonomous-Vehicles-and-the-Attribution-of-Moral-Responsibility.pdf","https://scholar.google.com/scholar?q=related:wvgGgNa9eH8J:scholar.google.com/&scioq=source:%22social+psychological+and+personality+science%22&hl=en&as_sdt=0,5&as_ylo=2019&as_yhi=2019"
47,"DL Crone, NL Levy","Are free will believers nicer people?(Four studies suggest not)",2019,"… Psychological and Personality Science","journals.sagepub.com","https://journals.sagepub.com/doi/abs/10.1177/1948550618780732","https://scholar.google.com/scholar?cites=16319619553348576190&as_sdt=2005&sciodt=0,5&hl=en",31,"2023-09-25 12:52:48","","10.1177/1948550618780732","","",,,,,47,11.75,24,2,4,"Free will is widely considered a foundational component of Western moral and legal codes, and yet current conceptions of free will are widely thought to fit uncomfortably with much …","https://journals.sagepub.com/doi/pdf/10.1177/1948550618780732","https://scholar.google.com/scholar?q=related:vmPcyoTveuIJ:scholar.google.com/&scioq=source:%22social+psychological+and+personality+science%22&hl=en&as_sdt=0,5&as_ylo=2019&as_yhi=2019"
44,"S Janke, M Daumiller…","Dark pathways to achievement in science: Researchers' achievement goals predict engagement in questionable research practices",2019,"Social psychological and …","journals.sagepub.com","https://journals.sagepub.com/doi/abs/10.1177/1948550618790227","https://scholar.google.com/scholar?cites=17834954695074017654&as_sdt=2005&sciodt=0,5&hl=en",32,"2023-09-25 12:52:48","","10.1177/1948550618790227","","",,,,,44,11.00,15,3,4,"Questionable research practices (QRPs) are a strongly debated topic in the scientific community. Hypotheses about the relationship between individual differences and QRPs are …","https://opus.bibliothek.uni-augsburg.de/opus4/files/62823/10.1177_1948550618790227.pdf","https://scholar.google.com/scholar?q=related:dnESMc18gvcJ:scholar.google.com/&scioq=source:%22social+psychological+and+personality+science%22&hl=en&as_sdt=0,5&as_ylo=2019&as_yhi=2019"
45,"A Fleischmann, J Lammers…","Paradoxical effects of power on moral thinking: Why power both increases and decreases deontological and utilitarian moral decisions",2019,"Social Psychological …","journals.sagepub.com","https://journals.sagepub.com/doi/abs/10.1177/1948550617744022","https://scholar.google.com/scholar?cites=7726148960437720972&as_sdt=2005&sciodt=0,5&hl=en",33,"2023-09-25 12:52:48","","10.1177/1948550617744022","","",,,,,45,11.25,15,3,4,"The current research explores the role of power in moral decision-making. Some work suggests that power increases utilitarianism; other work suggests power increases …","https://journals.sagepub.com/doi/full/10.1177/1948550617744022","https://scholar.google.com/scholar?q=related:jNekbIvLOGsJ:scholar.google.com/&scioq=source:%22social+psychological+and+personality+science%22&hl=en&as_sdt=0,5&as_ylo=2019&as_yhi=2019"
37,"M Ayoub, DA Briley, A Grotzinger…","Genetic and environmental associations between child personality and parenting",2019,"… personality science","journals.sagepub.com","https://journals.sagepub.com/doi/abs/10.1177/1948550618784890","https://scholar.google.com/scholar?cites=9029698408163245677&as_sdt=2005&sciodt=0,5&hl=en",34,"2023-09-25 12:52:48","","10.1177/1948550618784890","","",,,,,37,9.25,9,4,4,"Parenting is often conceptualized in terms of its effects on offspring. However, children may also play an active role in influencing the parenting they receive. Simple correlations …","https://www.ncbi.nlm.nih.gov/pmc/articles/PMC6893882/","https://scholar.google.com/scholar?q=related:bf56X9zuT30J:scholar.google.com/&scioq=source:%22social+psychological+and+personality+science%22&hl=en&as_sdt=0,5&as_ylo=2019&as_yhi=2019"
39,"X Dong, T Talhelm, X Ren","Teens in rice county are more interdependent and think more holistically than nearby wheat county",2019,"… Psychological and Personality …","journals.sagepub.com","https://journals.sagepub.com/doi/abs/10.1177/1948550618808868","https://scholar.google.com/scholar?cites=11433008904690298979&as_sdt=2005&sciodt=0,5&hl=en",35,"2023-09-25 12:52:48","","10.1177/1948550618808868","","",,,,,39,9.75,13,3,4,"China's smallest province Ningxia sits in North Central China. Surrounded by herding cultures to the north and wheat farmers to the south, Qingtongxia is a small outpost of rice …","","https://scholar.google.com/scholar?q=related:Y3DxLQY1qp4J:scholar.google.com/&scioq=source:%22social+psychological+and+personality+science%22&hl=en&as_sdt=0,5&as_ylo=2019&as_yhi=2019"
41,"AL Skinner, JR Rae","A robust bias against interracial couples among White and Black respondents, relative to multiracial respondents",2019,"Social Psychological and Personality …","journals.sagepub.com","https://journals.sagepub.com/doi/abs/10.1177/1948550618783713","https://scholar.google.com/scholar?cites=15723903088112970405&as_sdt=2005&sciodt=0,5&hl=en",36,"2023-09-25 12:52:48","","10.1177/1948550618783713","","",,,,,41,10.25,21,2,4,"Interracial couples are an understudied but increasingly common social group in the United States. We used direct and indirect measures to examine explicit and implicit biases …","https://www.researchgate.net/profile/Allison-Skinner-Dorkenoo/publication/325885381_A_Robust_Bias_Against_Interracial_Couples_Among_White_and_Black_Respondents_Relative_to_Multiracial_Respondents/links/5b3cd0c94585150d23f7bcf2/A-Robust-Bias-Against-Interracial-Couples-Among-White-and-Black-Respondents-Relative-to-Multiracial-Respondents.pdf","https://scholar.google.com/scholar?q=related:pSqkwYyGNtoJ:scholar.google.com/&scioq=source:%22social+psychological+and+personality+science%22&hl=en&as_sdt=0,5&as_ylo=2019&as_yhi=2019"
48,"ML Slepian, E Moulton-Tetlock","Confiding secrets and well-being",2019,"Social Psychological and …","journals.sagepub.com","https://journals.sagepub.com/doi/abs/10.1177/1948550618765069","https://scholar.google.com/scholar?cites=8887558702241417918&as_sdt=2005&sciodt=0,5&hl=en",37,"2023-09-25 12:52:48","","10.1177/1948550618765069","","",,,,,48,12.00,24,2,4,"How does confiding secrets relate to well-being? The current work presents the first empirical examination of mechanisms by which confiding diverse real-world secrets to …","https://www.columbia.edu/~ms4992/Pubs/2019_Slepian-MoultonTetlock_SPPS.pdf","https://scholar.google.com/scholar?q=related:vgqIJ43zVnsJ:scholar.google.com/&scioq=source:%22social+psychological+and+personality+science%22&hl=en&as_sdt=0,5&as_ylo=2019&as_yhi=2019"
38,"AL Miller","Expertise fails to attenuate gendered biases in judicial decision-making",2019,"Social Psychological and Personality Science","journals.sagepub.com","https://journals.sagepub.com/doi/abs/10.1177/1948550617741181","https://scholar.google.com/scholar?cites=10224480304740398772&as_sdt=2005&sciodt=0,5&hl=en",38,"2023-09-25 12:52:48","","10.1177/1948550617741181","","",,,,,38,9.50,38,1,4,"Although the influence of gender ideology on lay decision-making has been established, it is not known to what extent expertise may mitigate gendered biases and improve decision …","https://www.ncsc.org/__data/assets/pdf_file/0028/61498/2019-Miller-SPPS-Judicial-Expertise-and-Gendered-Biases.pdf","https://scholar.google.com/scholar?q=related:tHYHYaqm5I0J:scholar.google.com/&scioq=source:%22social+psychological+and+personality+science%22&hl=en&as_sdt=0,5&as_ylo=2019&as_yhi=2019"
40,"M Noor, N Kteily, B Siem…","“Terrorist” or “mentally ill”: Motivated biases rooted in partisanship shape attributions about violent actors",2019,"Social Psychological and …","journals.sagepub.com","https://journals.sagepub.com/doi/abs/10.1177/1948550618764808","https://scholar.google.com/scholar?cites=17044582173983909954&as_sdt=2005&sciodt=0,5&hl=en",39,"2023-09-25 12:52:48","","10.1177/1948550618764808","","",,,,,40,10.00,10,4,4,"We investigated whether motivated reasoning rooted in partisanship affects the attributions individuals make about violent attackers' underlying motives and group memberships. Study …","https://eprints.keele.ac.uk/4474/7/SOM_suppl_materials_terrorism_vs_mental%20illness_1st_Feb_2018.pdf","https://scholar.google.com/scholar?q=related:QihEYS6FiuwJ:scholar.google.com/&scioq=source:%22social+psychological+and+personality+science%22&hl=en&as_sdt=0,5&as_ylo=2019&as_yhi=2019"
42,"ML Visserman, EA Impett, F Righetti…","To “see” is to feel grateful? A quasi-signal detection analysis of romantic partners' sacrifices",2019,"… Personality Science","journals.sagepub.com","https://journals.sagepub.com/doi/abs/10.1177/1948550618757599","https://scholar.google.com/scholar?cites=7244380417189756946&as_sdt=2005&sciodt=0,5&hl=en",40,"2023-09-25 12:52:48","","10.1177/1948550618757599","","",,,,,42,10.50,11,4,4,"Although gratitude plays a central role in the quality of relationships, little is known about how gratitude emerges, such as in response to partners' sacrifices. Do people need to …","https://journals.sagepub.com/doi/full/10.1177/1948550618757599","https://scholar.google.com/scholar?q=related:EkBkaJs1iWQJ:scholar.google.com/&scioq=source:%22social+psychological+and+personality+science%22&hl=en&as_sdt=0,5&as_ylo=2019&as_yhi=2019"
40,"M Gilead, M Sela, A Maril","That's my truth: Evidence for involuntary opinion confirmation",2019,"… Psychological and Personality …","journals.sagepub.com","https://journals.sagepub.com/doi/abs/10.1177/1948550618762300","https://scholar.google.com/scholar?cites=18102964798983690925&as_sdt=2005&sciodt=0,5&hl=en",41,"2023-09-25 12:52:48","","10.1177/1948550618762300","","",,,,,40,10.00,13,3,4,"Past research has investigated deliberate mental acts that allow people to remain entrenched in their convictions. The purpose of the current investigation was to examine …","https://www.gileadlab.net/uploads/1/4/5/3/14530360/1948550618762300.pdf","https://scholar.google.com/scholar?q=related:rdrSMJKmOvsJ:scholar.google.com/&scioq=source:%22social+psychological+and+personality+science%22&hl=en&as_sdt=0,5&as_ylo=2019&as_yhi=2019"
40,"E Ferguson, K Zhao, RE O'Carroll…","Costless and costly prosociality: Correspondence among personality traits, economic preferences, and real-world prosociality",2019,"Social Psychological …","journals.sagepub.com","https://journals.sagepub.com/doi/abs/10.1177/1948550618765071","https://scholar.google.com/scholar?cites=6063629935362844053&as_sdt=2005&sciodt=0,5&hl=en",42,"2023-09-25 12:52:48","","10.1177/1948550618765071","","",,,,,40,10.00,10,4,4,"Prosociality can either be costly (eg, donating to charity) or costless (eg, posthumous organ donation). Whereas links between personality and costly prosociality have been explored …","http://dspace.stir.ac.uk/bitstream/1893/27077/1/SPPS%20Costless%20Helping%20Revsion.pdf","https://scholar.google.com/scholar?q=related:lSW6ukxXJlQJ:scholar.google.com/&scioq=source:%22social+psychological+and+personality+science%22&hl=en&as_sdt=0,5&as_ylo=2019&as_yhi=2019"
30,"KA Ścigała, C Schild, DW Heck…","Who deals with the devil? Interdependence, personality, and corrupted collaboration",2019,"… and Personality Science","journals.sagepub.com","https://journals.sagepub.com/doi/abs/10.1177/1948550618813419","https://scholar.google.com/scholar?cites=7944989122933838312&as_sdt=2005&sciodt=0,5&hl=en",43,"2023-09-25 12:52:48","","10.1177/1948550618813419","","",,,,,30,7.50,8,4,4,"Corrupted collaboration, that is, gaining personal profits through collaborative immoral acts, is a common and destructive phenomenon in societies. Despite the societal relevance of …","https://core.ac.uk/download/pdf/288799967.pdf","https://scholar.google.com/scholar?q=related:6FHQUINFQm4J:scholar.google.com/&scioq=source:%22social+psychological+and+personality+science%22&hl=en&as_sdt=0,5&as_ylo=2019&as_yhi=2019"
29,"E Cooley, JL Brown-Iannuzzi…","Shifting stereotypes of welfare recipients can reverse racial biases in support for wealth redistribution",2019,"Social Psychological …","journals.sagepub.com","https://journals.sagepub.com/doi/abs/10.1177/1948550619829062","https://scholar.google.com/scholar?cites=6829455298196267973&as_sdt=2005&sciodt=0,5&hl=en",44,"2023-09-25 12:52:48","","10.1177/1948550619829062","","",,,,,29,7.25,10,3,4,"When people imagine welfare recipients, research indicates that they often imagine lazy, Black Americans who are perpetually dependent on government assistance. In the present …","","https://scholar.google.com/scholar?q=related:xeNl4mgZx14J:scholar.google.com/&scioq=source:%22social+psychological+and+personality+science%22&hl=en&as_sdt=0,5&as_ylo=2019&as_yhi=2019"
29,"JX Goh, DN Kort, AM Thurston…","Does concealing a sexual minority identity prevent exposure to prejudice?",2019,"… Personality Science","journals.sagepub.com","https://journals.sagepub.com/doi/abs/10.1177/1948550619829065","https://scholar.google.com/scholar?cites=1931339471997397628&as_sdt=2005&sciodt=0,5&hl=en",45,"2023-09-25 12:52:48","","10.1177/1948550619829065","","",,,,,29,7.25,7,4,4,"Concealing a stigmatized identity is considered self-protective in that it presumably decreases exposure to bias during intergroup interactions relative to disclosing the identity …","https://psyarxiv.com/mz29w/download?format=pdf","https://scholar.google.com/scholar?q=related:fGoYYQR_zRoJ:scholar.google.com/&scioq=source:%22social+psychological+and+personality+science%22&hl=en&as_sdt=0,5&as_ylo=2019&as_yhi=2019"
36,"J Sullivan","The primacy effect in impression formation: Some replications and extensions",2019,"Social Psychological and Personality Science","journals.sagepub.com","https://journals.sagepub.com/doi/abs/10.1177/1948550618771003","https://scholar.google.com/scholar?cites=14712397105548264301&as_sdt=2005&sciodt=0,5&hl=en",46,"2023-09-25 12:52:48","","10.1177/1948550618771003","","",,,,,36,9.00,36,1,4,"Individuals described as “fun, witty, and vicious” are typically rated more favorably than those described as “vicious, witty, and fun” despite the semantic equivalence of these …","https://psyarxiv.com/3xdrz/download?format=pdf","https://scholar.google.com/scholar?q=related:bYOwxjfvLMwJ:scholar.google.com/&scioq=source:%22social+psychological+and+personality+science%22&hl=en&as_sdt=0,5&as_ylo=2019&as_yhi=2019"
34,"AE Boydstun, A Ledgerwood…","A negativity bias in reframing shapes political preferences even in partisan contexts",2019,"… and Personality Science","journals.sagepub.com","https://journals.sagepub.com/doi/abs/10.1177/1948550617733520","https://scholar.google.com/scholar?cites=3439361404726654494&as_sdt=2005&sciodt=0,5&hl=en",47,"2023-09-25 12:52:48","","10.1177/1948550617733520","","",,,,,34,8.50,11,3,4,"Humans evolved to attend to valence and group membership when learning about their environment. The political domain offers a unique opportunity to study the simultaneous …","https://journals.sagepub.com/doi/full/10.1177/1948550617733520","https://scholar.google.com/scholar?q=related:HrbrnvkQuy8J:scholar.google.com/&scioq=source:%22social+psychological+and+personality+science%22&hl=en&as_sdt=0,5&as_ylo=2019&as_yhi=2019"
33,"AS Franks, KC Scherr","Economic issues are moral issues: The moral underpinnings of the desire to reduce wealth inequality",2019,"… Psychological and Personality …","journals.sagepub.com","https://journals.sagepub.com/doi/abs/10.1177/1948550618772821","https://scholar.google.com/scholar?cites=14872265928655207952&as_sdt=2005&sciodt=0,5&hl=en",48,"2023-09-25 12:52:48","","10.1177/1948550618772821","","",,,,,33,8.25,17,2,4,"Economic inequality is a pervasive and growing source of social problems such as poor health, crime, psychological disorders, and lack of trust in others. US citizens across the …","https://www.researchgate.net/profile/Andrew-Franks-2/publication/324905993_Economic_Issues_Are_Moral_Issues_The_Moral_Underpinnings_of_the_Desire_to_Reduce_Wealth_Inequality/links/60bfc5b192851cecf16585e0/Economic-Issues-Are-Moral-Issues-The-Moral-Underpinnings-of-the-Desire-to-Reduce-Wealth-Inequality.pdf","https://scholar.google.com/scholar?q=related:EH6jwhDnZM4J:scholar.google.com/&scioq=source:%22social+psychological+and+personality+science%22&hl=en&as_sdt=0,5&as_ylo=2019&as_yhi=2019"
33,"EM Zitek, AH Jordan","Psychological entitlement predicts failure to follow instructions",2019,"Social Psychological and Personality …","journals.sagepub.com","https://journals.sagepub.com/doi/abs/10.1177/1948550617729885","https://scholar.google.com/scholar?cites=14202319903149727406&as_sdt=2005&sciodt=0,5&hl=en",49,"2023-09-25 12:52:48","","10.1177/1948550617729885","","",,,,,33,8.25,17,2,4,"Six studies examined the relationship between psychological entitlement and not following instructions. In Study 1, more entitled individuals were more likely to ignore instructions …","https://www.alexjordan.host.dartmouth.edu/papers/Zitek%20&%20Jordan%202019%20-%20Psychological%20Entitlement%20Predicts%20Failure%20to%20Follow%20Instructions.pdf","https://scholar.google.com/scholar?q=related:rh6zbbTGGMUJ:scholar.google.com/&scioq=source:%22social+psychological+and+personality+science%22&hl=en&as_sdt=0,5&as_ylo=2019&as_yhi=2019"
32,"JL Thürmer, SM McCrea…","Motivated collective defensiveness: Group members prioritize counterarguing out-group criticism over getting their work done",2019,"… and Personality Science","journals.sagepub.com","https://journals.sagepub.com/doi/abs/10.1177/1948550618762298","https://scholar.google.com/scholar?cites=6302201267038326992&as_sdt=2005&sciodt=0,5&hl=en",50,"2023-09-25 12:52:48","","10.1177/1948550618762298","","",,,,,32,8.00,11,3,4,"Group members defensively reject out-group criticism in self-reports because they perceive it as more threatening than the same criticism from the in-group (intergroup sensitivity effect) …","https://kops.uni-konstanz.de/bitstream/123456789/45886/1/Thuermer_2-1dqtekvwbir569.pdf","https://scholar.google.com/scholar?q=related:0BDWcKnqdVcJ:scholar.google.com/&scioq=source:%22social+psychological+and+personality+science%22&hl=en&as_sdt=0,5&as_ylo=2019&as_yhi=2019"
34,"JF Landy, J Piazza","Reevaluating moral disgust: sensitivity to many affective states predicts extremity in many evaluative judgments",2019,"… Psychological and Personality Science","journals.sagepub.com","https://journals.sagepub.com/doi/abs/10.1177/1948550617736110","https://scholar.google.com/scholar?cites=42456587971144838&as_sdt=2005&sciodt=0,5&hl=en",51,"2023-09-25 12:52:48","","10.1177/1948550617736110","","",,,,,34,8.50,17,2,4,"Disgust-sensitive individuals are particularly morally critical. Some theorists take this as evidence that disgust has a uniquely moral form: disgust contributes to moralization even of …","https://eprints.lancs.ac.uk/id/eprint/87809/1/Landy_Piazza_accepted_SPPS_combinepdf.pdf","https://scholar.google.com/scholar?q=related:hixltArWlgAJ:scholar.google.com/&scioq=source:%22social+psychological+and+personality+science%22&hl=en&as_sdt=0,5&as_ylo=2019&as_yhi=2019"
27,"OAM Georgeac, A Rattan…","An exploratory investigation of Americans' expression of gender bias before and after the 2016 presidential election",2019,"Social Psychological and …","journals.sagepub.com","https://journals.sagepub.com/doi/abs/10.1177/1948550618776624","https://scholar.google.com/scholar?cites=12888704778663690448&as_sdt=2005&sciodt=0,5&hl=en",52,"2023-09-25 12:52:48","","10.1177/1948550618776624","","",,,,,27,6.75,9,3,4,"Did the 2016 US presidential election's outcome affect Americans' expression of gender bias? Drawing on theories linking leadership with intergroup attitudes, we proposed it …","http://lbsresearch.london.edu/id/eprint/983/1/RattanEffronGeorgeac_GenderBias.pdf","https://scholar.google.com/scholar?q=related:0AAhe7Xg3bIJ:scholar.google.com/&scioq=source:%22social+psychological+and+personality+science%22&hl=en&as_sdt=0,5&as_ylo=2019&as_yhi=2019"
29,"A Suzuki, S Tsukamoto…","Faces tell everything in a just and biologically determined world: Lay theories behind face reading",2019,"Social Psychological and …","journals.sagepub.com","https://journals.sagepub.com/doi/abs/10.1177/1948550617734616","https://scholar.google.com/scholar?cites=8559167971347025618&as_sdt=2005&sciodt=0,5&hl=en",53,"2023-09-25 12:52:48","","10.1177/1948550617734616","","",,,,,29,7.25,10,3,4,"The present research investigated an often presumed but rarely assessed construct named the physiognomic belief—a generic belief that various traits can be inferred from faces …","https://journals.sagepub.com/doi/full/10.1177/1948550617734616","https://scholar.google.com/scholar?q=related:0k4K6etFyHYJ:scholar.google.com/&scioq=source:%22social+psychological+and+personality+science%22&hl=en&as_sdt=0,5&as_ylo=2019&as_yhi=2019"
30,"NP Alt, B Goodale, DJ Lick…","Threat in the company of men: Ensemble perception and threat evaluations of groups varying in sex ratio",2019,"… and Personality Science","journals.sagepub.com","https://journals.sagepub.com/doi/abs/10.1177/1948550617731498","https://scholar.google.com/scholar?cites=18135315633363310583&as_sdt=2005&sciodt=0,5&hl=en",54,"2023-09-25 12:52:48","","10.1177/1948550617731498","","",,,,,30,7.50,8,4,4,"Everyday, we visually perceive people not only in isolation but also in groups. Yet, visual person perception research typically focuses on inferences made about isolated individuals …","","https://scholar.google.com/scholar?q=related:91c1yHuVrfsJ:scholar.google.com/&scioq=source:%22social+psychological+and+personality+science%22&hl=en&as_sdt=0,5&as_ylo=2019&as_yhi=2019"
29,"MH Pasek, JE Cook","Religion from the target's perspective: A portrait of religious threat and its consequences in the United States",2019,"Social Psychological and Personality …","journals.sagepub.com","https://journals.sagepub.com/doi/abs/10.1177/1948550617739089","https://scholar.google.com/scholar?cites=7798758731891501858&as_sdt=2005&sciodt=0,5&hl=en",55,"2023-09-25 12:52:48","","10.1177/1948550617739089","","",,,,,29,7.25,15,2,4,"Little is known about social identity threat from religion or religiosity. We collected data from a diverse sample of Protestants, Catholics, Jews, and Muslims across the United States (N …","https://journals.sagepub.com/doi/pdf/10.1177/1948550617739089","https://scholar.google.com/scholar?q=related:ImteP7_BOmwJ:scholar.google.com/&scioq=source:%22social+psychological+and+personality+science%22&hl=en&as_sdt=0,5&as_ylo=2019&as_yhi=2019"
27,"CD Petsko, GV Bodenhausen","Race–crime congruency effects revisited: Do we take defendants' sexual orientation into account?",2019,"Social Psychological and …","journals.sagepub.com","https://journals.sagepub.com/doi/abs/10.1177/1948550617736111","https://scholar.google.com/scholar?cites=17955176263303814520&as_sdt=2005&sciodt=0,5&hl=en",56,"2023-09-25 12:52:48","","10.1177/1948550617736111","","",,,,,27,6.75,14,2,4,"Decades ago, social psychologists documented a juror decision-making bias called the race–crime congruency effect: a tendency to condemn Black men more than White men for …","https://journals.sagepub.com/doi/full/10.1177/1948550617736111","https://scholar.google.com/scholar?q=related:eN2_Ta6ZLfkJ:scholar.google.com/&scioq=source:%22social+psychological+and+personality+science%22&hl=en&as_sdt=0,5&as_ylo=2019&as_yhi=2019"
28,"MJ Brandt, JT Crawford…","Worldview conflict in daily life",2019,"Social Psychological …","journals.sagepub.com","https://journals.sagepub.com/doi/abs/10.1177/1948550617733517","https://scholar.google.com/scholar?cites=8329345729472002540&as_sdt=2005&sciodt=0,5&hl=en",57,"2023-09-25 12:52:48","","10.1177/1948550617733517","","",,,,,28,7.00,9,3,4,"Building on laboratory-and survey-based research probing the psychology of ideology and the experience of worldview conflict, we examined the association between worldview …","https://journals.sagepub.com/doi/full/10.1177/1948550617733517","https://scholar.google.com/scholar?q=related:7HmYaM_Hl3MJ:scholar.google.com/&scioq=source:%22social+psychological+and+personality+science%22&hl=en&as_sdt=0,5&as_ylo=2019&as_yhi=2019"
28,"JL Brown-Iannuzzi, MB Najle…","The illusion of political tolerance: Social desirability and self-reported voting preferences",2019,"Social Psychological …","journals.sagepub.com","https://journals.sagepub.com/doi/abs/10.1177/1948550618760147","https://scholar.google.com/scholar?cites=4490785870661334518&as_sdt=2005&sciodt=0,5&hl=en",58,"2023-09-25 12:52:48","","10.1177/1948550618760147","","",,,,,28,7.00,9,3,4,"Tolerance for diversity in America is often indexed by direct measures, such as self-reported “willingness to vote” polls. However, pressures to be or appear unprejudiced may bias such …","","https://scholar.google.com/scholar?q=related:9rUcx_R5Uj4J:scholar.google.com/&scioq=source:%22social+psychological+and+personality+science%22&hl=en&as_sdt=0,5&as_ylo=2019&as_yhi=2019"
26,"JR Kunst, N Kteily, L Thomsen","“You little creep”: Evidence of blatant dehumanization of short groups",2019,"Social Psychological and …","journals.sagepub.com","https://journals.sagepub.com/doi/abs/10.1177/1948550617740613","https://scholar.google.com/scholar?cites=4582405632532271343&as_sdt=2005&sciodt=0,5&hl=en",59,"2023-09-25 12:52:48","","10.1177/1948550617740613","","",,,,,26,6.50,9,3,4,"Physical cues influence social judgments of others. For example, shorter individuals are evaluated less positively than taller individuals. Here, we demonstrate that height also …","https://www.ssoar.info/ssoar/bitstream/handle/document/54947/ssoar-2017-kunst_et_al-You_Little_Creep_Evidence_of.pdf?sequence=1&isAllowed=y&lnkname=ssoar-2017-kunst_et_al-You_Little_Creep_Evidence_of.pdf","https://scholar.google.com/scholar?q=related:79DV56T5lz8J:scholar.google.com/&scioq=source:%22social+psychological+and+personality+science%22&hl=en&as_sdt=0,5&as_ylo=2019&as_yhi=2019"
23,"SJ Weston, JJ Gladstone, EK Graham…","Who are the scrooges? Personality predictors of holiday spending",2019,"… Personality Science","journals.sagepub.com","https://journals.sagepub.com/doi/abs/10.1177/1948550618792883","https://scholar.google.com/scholar?cites=13104277775326620449&as_sdt=2005&sciodt=0,5&hl=en",60,"2023-09-25 12:52:48","","10.1177/1948550618792883","","",,,,,23,5.75,6,4,4,"The sharp increase in consumption over the holiday season has important economic implications, yet the psychology underlying this phenomenon has received limited attention …","https://www.ncbi.nlm.nih.gov/pmc/articles/PMC6921930/","https://scholar.google.com/scholar?q=related:IatjDDW_27UJ:scholar.google.com/&scioq=source:%22social+psychological+and+personality+science%22&hl=en&as_sdt=0,5&as_ylo=2019&as_yhi=2019"
27,"Y Huang, D Osborne, CG Sibley","The gradual move toward gender equality: A 7-year latent growth model of ambivalent sexism",2019,"Social Psychological and …","journals.sagepub.com","https://journals.sagepub.com/doi/abs/10.1177/1948550617752472","https://scholar.google.com/scholar?cites=17310874804095697479&as_sdt=2005&sciodt=0,5&hl=en",61,"2023-09-25 12:52:48","","10.1177/1948550617752472","","",,,,,27,6.75,9,3,4,"Sexist ideologies maintain and reinforce gender inequality, yet the stability of these belief systems is unknown. We addressed this oversight by examining changes in men's and …","","https://scholar.google.com/scholar?q=related:R0Ji2eqUPPAJ:scholar.google.com/&scioq=source:%22social+psychological+and+personality+science%22&hl=en&as_sdt=0,5&as_ylo=2019&as_yhi=2019"
21,"CR Agnew, BW Hadden, K Tan","It's about time: Readiness, commitment, and stability in close relationships",2019,"Social Psychological and …","journals.sagepub.com","https://journals.sagepub.com/doi/abs/10.1177/1948550619829060","https://scholar.google.com/scholar?cites=12802662437848589935&as_sdt=2005&sciodt=0,5&hl=en",62,"2023-09-25 12:52:48","","10.1177/1948550619829060","","",,,,,21,5.25,7,3,4,"Timing matters in relationships. People vary in their sense of when they think the time is right to be involved in a committed relationship. We propose and examine the construct of …","https://ink.library.smu.edu.sg/cgi/viewcontent.cgi?article=4110&context=soss_research","https://scholar.google.com/scholar?q=related:b6Yz46cxrLEJ:scholar.google.com/&scioq=source:%22social+psychological+and+personality+science%22&hl=en&as_sdt=0,5&as_ylo=2019&as_yhi=2019"
28,"JS Robinson, X Xu, JE Plaks","Disgust and deontology: Trait sensitivity to contamination promotes a preference for order, hierarchy, and rule-based moral judgment",2019,"… Psychological and Personality …","journals.sagepub.com","https://journals.sagepub.com/doi/abs/10.1177/1948550617732609","https://scholar.google.com/scholar?cites=6477223111206118720&as_sdt=2005&sciodt=0,5&hl=en",63,"2023-09-25 12:52:48","","10.1177/1948550617732609","","",,,,,28,7.00,9,3,4,"Models of moral judgment have linked generalized emotionality with deontological moral judgment. The evidence, however, is mixed. Other research has linked the specific emotion …","https://journals.sagepub.com/doi/full/10.1177/1948550617732609","https://scholar.google.com/scholar?q=related:QCVkEhq441kJ:scholar.google.com/&scioq=source:%22social+psychological+and+personality+science%22&hl=en&as_sdt=0,5&as_ylo=2019&as_yhi=2019"
22,"PHP Hanel, N Zarzeczna…","Sharing the same political ideology yet endorsing different values: Left-and right-wing political supporters are more heterogeneous than moderates",2019,"… and Personality Science","journals.sagepub.com","https://journals.sagepub.com/doi/abs/10.1177/1948550618803348","https://scholar.google.com/scholar?cites=12082774508494156578&as_sdt=2005&sciodt=0,5&hl=en",64,"2023-09-25 12:52:48","","10.1177/1948550618803348","","",,,,,22,5.50,7,3,4,"Members of extreme political groups are usually perceived as more homogeneous than moderates. We investigated whether members of the general public who share the same …","https://journals.sagepub.com/doi/full/10.1177/1948550618803348","https://scholar.google.com/scholar?q=related:InPw72WjrqcJ:scholar.google.com/&scioq=source:%22social+psychological+and+personality+science%22&hl=en&as_sdt=0,5&as_ylo=2019&as_yhi=2019"
24,"JM Mao, ML Haupert, ER Smith","How gender identity and transgender status affect perceptions of attractiveness",2019,"Social Psychological and …","journals.sagepub.com","https://journals.sagepub.com/doi/abs/10.1177/1948550618783716","https://scholar.google.com/scholar?cites=10067474958650616440&as_sdt=2005&sciodt=0,5&hl=en",65,"2023-09-25 12:52:48","","10.1177/1948550618783716","","",,,,,24,6.00,8,3,4,"Can a perceiver's belief about a target's transgender status (distinct from gender nonconforming appearance) affect perceptions of the target's attractiveness? Cisgender …","","https://scholar.google.com/scholar?q=related:eKqClyLbtosJ:scholar.google.com/&scioq=source:%22social+psychological+and+personality+science%22&hl=en&as_sdt=0,5&as_ylo=2019&as_yhi=2019"
25,"LE Wallace, R Anthony, CM End…","Does religion stave off the grave? Religious affiliation in one's obituary and longevity",2019,"Social Psychological …","journals.sagepub.com","https://journals.sagepub.com/doi/abs/10.1177/1948550618779820","https://scholar.google.com/scholar?cites=17592794135237763648&as_sdt=2005&sciodt=0,5&hl=en",66,"2023-09-25 12:52:48","","10.1177/1948550618779820","","",,,,,25,6.25,6,4,4,"Self-reported religious service attendance has been linked with longevity. However, previous work has largely relied on self-report data and volunteer samples. Here, mention of …","https://journals.sagepub.com/doi/full/10.1177/1948550618779820?inline-read-more=","https://scholar.google.com/scholar?q=related:QCJsLQ4pJvQJ:scholar.google.com/&scioq=source:%22social+psychological+and+personality+science%22&hl=en&as_sdt=0,5&as_ylo=2019&as_yhi=2019"
21,"E Forsberg, A Nilsson…","Moral dichotomization at the heart of prejudice: The role of moral foundations and intolerance of ambiguity in generalized prejudice",2019,"Social Psychological and …","journals.sagepub.com","https://journals.sagepub.com/doi/abs/10.1177/1948550618817347","https://scholar.google.com/scholar?cites=2834668189691311315&as_sdt=2005&sciodt=0,5&hl=en",67,"2023-09-25 12:52:48","","10.1177/1948550618817347","","",,,,,21,5.25,7,3,4,"This study confronted the classical idea that generalized prejudice is rooted in a cognitive tendency to sort reality into rigid and simple categories with the more recent idea that …","http://arturnilsson.se/Forsberg%20et%20al.%20SPPS%20in%20press.pdf","https://scholar.google.com/scholar?q=related:03SmJrPDVicJ:scholar.google.com/&scioq=source:%22social+psychological+and+personality+science%22&hl=en&as_sdt=0,5&as_ylo=2019&as_yhi=2019"
25,"T Vogel, M Hütter, JE Gebauer","Is evaluative conditioning moderated by Big Five personality traits?",2019,"Social Psychological and …","journals.sagepub.com","https://journals.sagepub.com/doi/abs/10.1177/1948550617740193","https://scholar.google.com/scholar?cites=16531089859096805603&as_sdt=2005&sciodt=0,5&hl=en",68,"2023-09-25 12:52:48","","10.1177/1948550617740193","","",,,,,25,6.25,8,3,4,"Evaluative conditioning (EC), a change in liking of a stimulus due to its paired presentation with a positive or negative stimulus, is a key concept in attitude formation. The present article …","https://journals.sagepub.com/doi/full/10.1177/1948550617740193","https://scholar.google.com/scholar?q=related:4wCHMaQ6auUJ:scholar.google.com/&scioq=source:%22social+psychological+and+personality+science%22&hl=en&as_sdt=0,5&as_ylo=2019&as_yhi=2019"
21,"JE Strickhouser, E Zell…","Ignorance of history and perceptions of racism: Another look at the Marley hypothesis",2019,"Social Psychological and …","journals.sagepub.com","https://journals.sagepub.com/doi/abs/10.1177/1948550618808863","https://scholar.google.com/scholar?cites=13481575487187233248&as_sdt=2005&sciodt=0,5&hl=en",69,"2023-09-25 12:52:48","","10.1177/1948550618808863","","",,,,,21,5.25,7,3,4,"Why do White Americans perceive less racism than Black Americans? Two provocative studies on the Marley hypothesis suggest that White Americans are more ignorant of …","https://www.researchgate.net/profile/Jason-Strickhouser/publication/328440107_Ignorance_of_History_and_Perceptions_of_Racism_Another_Look_at_the_Marley_Hypothesis/links/5bfef16aa6fdcc1b8d49f124/Ignorance-of-History-and-Perceptions-of-Racism-Another-Look-at-the-Marley-Hypothesis.pdf","https://scholar.google.com/scholar?q=related:4KloJnotGLsJ:scholar.google.com/&scioq=source:%22social+psychological+and+personality+science%22&hl=en&as_sdt=0,5&as_ylo=2019&as_yhi=2019"
21,"VK Bohns, LA DeVincent","Rejecting unwanted romantic advances is more difficult than suitors realize",2019,"… psychological and personality …","journals.sagepub.com","https://journals.sagepub.com/doi/abs/10.1177/1948550618769880","https://scholar.google.com/scholar?cites=7651587683309407408&as_sdt=2005&sciodt=0,5&hl=en",70,"2023-09-25 12:52:48","","10.1177/1948550618769880","","",,,,,21,5.25,11,2,4,"In two preregistered studies, we find that initiators of unrequited romantic advances fail to appreciate the difficult position their targets occupy, both in terms of how uncomfortable it is …","https://journals.sagepub.com/doi/full/10.1177/1948550618769880","https://scholar.google.com/scholar?q=related:sExpR3XmL2oJ:scholar.google.com/&scioq=source:%22social+psychological+and+personality+science%22&hl=en&as_sdt=0,5&as_ylo=2019&as_yhi=2019"
20,"AL Aydin, J Ullrich, B Siem…","The effect of social class on agency and communion: Reconciling identity-based and rank-based perspectives",2019,"Social Psychological …","journals.sagepub.com","https://journals.sagepub.com/doi/abs/10.1177/1948550618785162","https://scholar.google.com/scholar?cites=8964573414013797632&as_sdt=2005&sciodt=0,5&hl=en",71,"2023-09-25 12:52:48","","10.1177/1948550618785162","","",,,,,20,5.00,5,4,4,"How does social class affect people's goals in social interactions? A rank-based perspective suggests actors from higher social classes (compared to lower social classes) have more …","https://www.zora.uzh.ch/id/eprint/152233/1/SPPS_PsyArXiv.pdf","https://scholar.google.com/scholar?q=related:AAU0EQaQaHwJ:scholar.google.com/&scioq=source:%22social+psychological+and+personality+science%22&hl=en&as_sdt=0,5&as_ylo=2019&as_yhi=2019"
18,"IR Hannikainen","Ideology between the lines: Lay inferences about scientists' values and motives",2019,"… Psychological and Personality Science","journals.sagepub.com","https://journals.sagepub.com/doi/abs/10.1177/1948550618790230","https://scholar.google.com/scholar?cites=15297857637419568983&as_sdt=2005&sciodt=0,5&hl=en",72,"2023-09-25 12:52:48","","10.1177/1948550618790230","","",,,,,18,4.50,18,1,4,"While philosophers emphasize the distinction between description and prescription, in practice people's beliefs about contentious issues seem to reflect their normative …","https://psyarxiv.com/gyk26/download?format=pdf","https://scholar.google.com/scholar?q=related:V8_jPnjoTNQJ:scholar.google.com/&scioq=source:%22social+psychological+and+personality+science%22&hl=en&as_sdt=0,5&as_ylo=2019&as_yhi=2019"
15,"Y Ganzach, Y Hanoch…","Attitudes toward presidential candidates in the 2012 and 2016 American elections: Cognitive ability and support for Trump",2019,"Social Psychological and …","journals.sagepub.com","https://journals.sagepub.com/doi/abs/10.1177/1948550618800494","https://scholar.google.com/scholar?cites=3789284222550952933&as_sdt=2005&sciodt=0,5&hl=en",73,"2023-09-25 12:52:48","","10.1177/1948550618800494","","",,,,,15,3.75,5,3,4,"Using data from the American National Election Studies, we investigated the relationship between cognitive ability and attitudes toward and actual voting for presidential candidates …","https://pearl.plymouth.ac.uk/bitstream/handle/10026.1/12435/TrumpSPPSr1%40.pdf?sequence=3&isAllowed=n","https://scholar.google.com/scholar?q=related:5Uskhuw9ljQJ:scholar.google.com/&scioq=source:%22social+psychological+and+personality+science%22&hl=en&as_sdt=0,5&as_ylo=2019&as_yhi=2019"
18,"SD Jayamaha, NC Overall","The dyadic nature of self-evaluations: Self-esteem and efficacy shape and are shaped by support processes in relationships",2019,"… Psychological and Personality …","journals.sagepub.com","https://journals.sagepub.com/doi/abs/10.1177/1948550617750734","https://scholar.google.com/scholar?cites=8119519305454129256&as_sdt=2005&sciodt=0,5&hl=en",74,"2023-09-25 12:52:48","","10.1177/1948550617750734","","",,,,,18,4.50,9,2,4,"The current research tested an important way one person's self-evaluations could shape their intimate partner's self-evaluations. We predicted that greater self-esteem would predict …","https://www.researchgate.net/profile/Shanuki-Jayamaha/publication/322549645_The_Dyadic_Nature_of_Self-Evaluations_Self-Esteem_and_Efficacy_Shape_and_Are_Shaped_by_Support_Processes_in_Relationships/links/5a66c15f4585158bca54611b/The-Dyadic-Nature-of-Self-Evaluations-Self-Esteem-and-Efficacy-Shape-and-Are-Shaped-by-Support-Processes-in-Relationships.pdf","https://scholar.google.com/scholar?q=related:aBCFDMpTrnAJ:scholar.google.com/&scioq=source:%22social+psychological+and+personality+science%22&hl=en&as_sdt=0,5&as_ylo=2019&as_yhi=2019"
18,"KS Nielsen, JM Bauer","The merits of goal support as a self-control strategy",2019,"… Psychological and Personality …","journals.sagepub.com","https://journals.sagepub.com/doi/abs/10.1177/1948550618780729","https://scholar.google.com/scholar?cites=14013176061988915591&as_sdt=2005&sciodt=0,5&hl=en",75,"2023-09-25 12:52:48","","10.1177/1948550618780729","","",,,,,18,4.50,9,2,4,"In the present study, we investigated the influence of the presence of others and goal support on the performance of goal-directed behavior across different levels of self-control …","https://research.cbs.dk/files/57987240/kristian_s_nielsen_et_al_the_merits_of_goal_support_acceptedversion.pdf","https://scholar.google.com/scholar?q=related:h0nbJWLNeMIJ:scholar.google.com/&scioq=source:%22social+psychological+and+personality+science%22&hl=en&as_sdt=0,5&as_ylo=2019&as_yhi=2019"
19,"JL Briskin, CE Kopetz, GM Fitzsimons…","For better or for worse? Outsourcing self-regulation and goal pursuit",2019,"Social Psychological …","journals.sagepub.com","https://journals.sagepub.com/doi/abs/10.1177/1948550617736112","https://scholar.google.com/scholar?cites=4929036842219643342&as_sdt=2005&sciodt=0,5&hl=en",76,"2023-09-25 12:52:48","","10.1177/1948550617736112","","",,,,,19,4.75,5,4,4,"In recent years, there has been increasing interest in how close relationships can impact personal goal pursuit. Extensive research on social support has shown that support often …","https://www.researchgate.net/profile/Richard-Slatcher/publication/321133649_For_Better_or_for_Worse_Outsourcing_Self-Regulation_and_Goal_Pursuit/links/5a1cb91da6fdcc0af3266c6f/For-Better-or-for-Worse-Outsourcing-Self-Regulation-and-Goal-Pursuit.pdf","https://scholar.google.com/scholar?q=related:zqFQkeR0Z0QJ:scholar.google.com/&scioq=source:%22social+psychological+and+personality+science%22&hl=en&as_sdt=0,5&as_ylo=2019&as_yhi=2019"
18,"BW Hadden, SM Harvey…","What do I call us? The investment model of commitment processes and changes in relationship categorization",2019,"… Personality Science","journals.sagepub.com","https://journals.sagepub.com/doi/abs/10.1177/1948550617745115","https://scholar.google.com/scholar?cites=17380875731601498150&as_sdt=2005&sciodt=0,5&hl=en",77,"2023-09-25 12:52:48","","10.1177/1948550617745115","","",,,,,18,4.50,6,3,4,"The investment model of commitment has been used to understand relationship maintenance and dissolution across a variety of populations and relationship types. The …","https://drive.google.com/file/d/1cofyy-rwHXuEQ5CUjIBiCsN_Lsn6elLg/view","https://scholar.google.com/scholar?q=related:JqBQ22NGNfEJ:scholar.google.com/&scioq=source:%22social+psychological+and+personality+science%22&hl=en&as_sdt=0,5&as_ylo=2019&as_yhi=2019"
16,"Y Park, A Debrot, SS Spielmann…","Distinguishing dismissing from fearful attachment in the association between closeness and commitment",2019,"… Personality Science","journals.sagepub.com","https://journals.sagepub.com/doi/abs/10.1177/1948550618768823","https://scholar.google.com/scholar?cites=7179061198836991946&as_sdt=2005&sciodt=0,5&hl=en",78,"2023-09-25 12:52:48","","10.1177/1948550618768823","","",,,,,16,4.00,4,4,4,"When avoidantly attached individuals are simultaneously high in attachment anxiety, they are inclined to experience strong internal conflicts between seeking and avoiding closeness …","https://www.emilyimpett.com/s/Distinguishing-dismissing-from-fearful-attachment-in-the-association-between-closeness-and-commitmen.pdf","https://scholar.google.com/scholar?q=related:ygd4wR8moWMJ:scholar.google.com/&scioq=source:%22social+psychological+and+personality+science%22&hl=en&as_sdt=0,5&as_ylo=2019&as_yhi=2019"
16,"JV Cavallo, A Hirniak","No assistance desired: How perceptions of others' self-esteem affect support-seeking",2019,"Social Psychological and Personality …","journals.sagepub.com","https://journals.sagepub.com/doi/abs/10.1177/1948550617732394","https://scholar.google.com/scholar?cites=2485065213020743021&as_sdt=2005&sciodt=0,5&hl=en",79,"2023-09-25 12:52:48","","10.1177/1948550617732394","","",,,,,16,4.00,8,2,4,"Seeking social support from close others often instantiates effective support transactions that foster coping with negative events. However, people often do not solicit the support they …","","https://scholar.google.com/scholar?q=related:bSXIEaW5fCIJ:scholar.google.com/&scioq=source:%22social+psychological+and+personality+science%22&hl=en&as_sdt=0,5&as_ylo=2019&as_yhi=2019"
14,"N Sunami, MA Nadzan…","Does the prospect of fulfilling belonging affect social responses to rejection? A conceptual replication attempt",2019,"Social Psychological and …","journals.sagepub.com","https://journals.sagepub.com/doi/abs/10.1177/1948550618762301","https://scholar.google.com/scholar?cites=10111656589002609813&as_sdt=2005&sciodt=0,5&hl=en",80,"2023-09-25 12:52:48","","10.1177/1948550618762301","","",,,,,14,3.50,5,3,4,"Historically, one of the biggest paradoxes in the rejection literature was that rejected people sometimes behaved antisocially and at other times prosocially. Researchers responded to …","","https://scholar.google.com/scholar?q=related:lRQ9BhjSU4wJ:scholar.google.com/&scioq=source:%22social+psychological+and+personality+science%22&hl=en&as_sdt=0,5&as_ylo=2019&as_yhi=2019"
17,"CE Phills, K Kawakami…","Does reducing implicit prejudice increase out-group identification? The downstream consequences of evaluative training on associations between the self and racial …",2019,"Social Psychological …","journals.sagepub.com","https://journals.sagepub.com/doi/abs/10.1177/1948550617732817","https://scholar.google.com/scholar?cites=5128578737108524881&as_sdt=2005&sciodt=0,5&hl=en",81,"2023-09-25 12:52:48","","10.1177/1948550617732817","","",,,,,17,4.25,6,3,4,"The present experiments were designed to investigate whether an intervention that targeted racial attitudes influenced not only prejudice but also self–Black associations. Because past …","https://journals.sagepub.com/doi/full/10.1177/1948550617732817","https://scholar.google.com/scholar?q=related:UZ_5YzBfLEcJ:scholar.google.com/&scioq=source:%22social+psychological+and+personality+science%22&hl=en&as_sdt=0,5&as_ylo=2019&as_yhi=2019"
13,"C Stern, JR Axt","Group status modulates the associative strength between status quo supporting beliefs and anti-black attitudes",2019,"… Psychological and Personality Science","journals.sagepub.com","https://journals.sagepub.com/doi/abs/10.1177/1948550618799067","https://scholar.google.com/scholar?cites=4714481683003252149&as_sdt=2005&sciodt=0,5&hl=en",82,"2023-09-25 12:52:48","","10.1177/1948550618799067","","",,,,,13,3.25,7,2,4,"What belief systems are associated with negative attitudes toward lower status groups? Does the relationship differ across higher and lower status groups? We examined the extent …","http://axt.research.mcgill.ca/SA2018.pdf","https://scholar.google.com/scholar?q=related:tZ1-vxw0bUEJ:scholar.google.com/&scioq=source:%22social+psychological+and+personality+science%22&hl=en&as_sdt=0,5&as_ylo=2019&as_yhi=2019"
11,"X Zhao, M Biernat","Your name is your lifesaver: Anglicization of names and moral dilemmas in a trilogy of transportation accidents",2019,"… psychological and personality science","journals.sagepub.com","https://journals.sagepub.com/doi/abs/10.1177/1948550618817341","https://scholar.google.com/scholar?cites=15046214315614626125&as_sdt=2005&sciodt=0,5&hl=en",83,"2023-09-25 12:52:48","","10.1177/1948550618817341","","",,,,,11,2.75,6,2,4,"Can immigrants' names determine whether they receive help or not? Drawing on a partial in-group membership framework, we adapted intergroup versions of moral dilemmas (a trilogy …","https://www.researchgate.net/profile/Xian-Zhao/publication/329948276_Your_Name_Is_Your_Lifesaver_Anglicization_of_Names_and_Moral_Dilemmas_in_a_Trilogy_of_Transportation_Accidents/links/5c4f5ce192851c22a3973093/Your-Name-Is-Your-Lifesaver-Anglicization-of-Names-and-Moral-Dilemmas-in-a-Trilogy-of-Transportation-Accidents.pdf","https://scholar.google.com/scholar?q=related:TWGbqDPkztAJ:scholar.google.com/&scioq=source:%22social+psychological+and+personality+science%22&hl=en&as_sdt=0,5&as_ylo=2019&as_yhi=2019"
11,"AE Eason, CR Kaiser…","Underrepresentation and the perception of others' racial attitudes",2019,"… and Personality Science","journals.sagepub.com","https://journals.sagepub.com/doi/abs/10.1177/1948550618788855","https://scholar.google.com/scholar?cites=2358321747652637065&as_sdt=2005&sciodt=0,5&hl=en",84,"2023-09-25 12:52:48","","10.1177/1948550618788855","","",,,,,11,2.75,4,3,4,"Across two experiments, we investigate racial attitude perceptions in low-diversity environments to explore whether friendships with members of numerically underrepresented …","https://www.tecl.ca/s/underrep.pdf","https://scholar.google.com/scholar?q=related:ifHpciJxuiAJ:scholar.google.com/&scioq=source:%22social+psychological+and+personality+science%22&hl=en&as_sdt=0,5&as_ylo=2019&as_yhi=2019"
11,"S Li, CM Hui","The roles of communal motivation in daily prosocial behaviors: A dyadic experience-sampling study",2019,"Social Psychological and Personality Science","journals.sagepub.com","https://journals.sagepub.com/doi/abs/10.1177/1948550619829058","https://scholar.google.com/scholar?cites=17105992776520361686&as_sdt=2005&sciodt=0,5&hl=en",85,"2023-09-25 12:52:48","","10.1177/1948550619829058","","",,,,,11,2.75,6,2,4,"Close relationship partners are communally motivated to engage in prosocial behaviors that can promote each other's well-being. It remains largely unexplored how both members' …","","https://scholar.google.com/scholar?q=related:1ubkfsyxZO0J:scholar.google.com/&scioq=source:%22social+psychological+and+personality+science%22&hl=en&as_sdt=0,5&as_ylo=2019&as_yhi=2019"
10,"L Jia, ER Hirt, AHQ Koh","How to have your cake and eat it too: Strategic indulgence in big-time collegiate sports among academically successful students",2019,"… Psychological and Personality …","journals.sagepub.com","https://journals.sagepub.com/doi/abs/10.1177/1948550618789403","https://scholar.google.com/scholar?cites=10111991811281746558&as_sdt=2005&sciodt=0,5&hl=en",86,"2023-09-25 12:52:48","","10.1177/1948550618789403","","",,,,,10,2.50,3,3,4,"Past research on academic success emphasizes the need to avoid pleasurable nonacademic activities. In the context of enjoying big-time collegiate sports, we examined …","","https://scholar.google.com/scholar?q=related:fnobC_oCVYwJ:scholar.google.com/&scioq=source:%22social+psychological+and+personality+science%22&hl=en&as_sdt=0,5&as_ylo=2019&as_yhi=2019"
10,"JA Vitriol, J Appleby, E Borgida","Racial bias increases false identification of black suspects in simultaneous lineups",2019,"Social psychological and …","journals.sagepub.com","https://journals.sagepub.com/doi/abs/10.1177/1948550618784889","https://scholar.google.com/scholar?cites=10728211522450281885&as_sdt=2005&sciodt=0,5&hl=en",87,"2023-09-25 12:52:48","","10.1177/1948550618784889","","",,,,,10,2.50,3,3,4,"People are better able to correctly identify the faces of individuals who belong to their own race. Research linking the cross-race effect in face recognition to racial attitudes has been …","","https://scholar.google.com/scholar?q=related:ndXmBopD4pQJ:scholar.google.com/&scioq=source:%22social+psychological+and+personality+science%22&hl=en&as_sdt=0,5&as_ylo=2019&as_yhi=2019"
11,"Z Oravecz, TR Brick","Associations between slow-and fast-timescale indicators of emotional functioning",2019,"Social Psychological and Personality …","journals.sagepub.com","https://journals.sagepub.com/doi/abs/10.1177/1948550618797128","https://scholar.google.com/scholar?cites=11455423619757591849&as_sdt=2005&sciodt=0,5&hl=en",88,"2023-09-25 12:52:48","","10.1177/1948550618797128","","",,,,,11,2.75,6,2,4,"“Core affect”—defined as momentary valence (pleasantness) and arousal (activation) levels—plays an important role in our emotional experiences. We examined the relationship …","","https://scholar.google.com/scholar?q=related:KU1FtxbX-Z4J:scholar.google.com/&scioq=source:%22social+psychological+and+personality+science%22&hl=en&as_sdt=0,5&as_ylo=2019&as_yhi=2019"
11,"W Baryła, B Wojciszke","Success leads to agentic cognition: Two field studies",2019,"… Psychological and Personality …","journals.sagepub.com","https://journals.sagepub.com/doi/abs/10.1177/1948550618765065","https://scholar.google.com/scholar?cites=9402558170511445352&as_sdt=2005&sciodt=0,5&hl=en",89,"2023-09-25 12:52:48","","10.1177/1948550618765065","","",,,,,11,2.75,6,2,4,"Not much is known about the cognitive consequences of success and failure, and there is no comprehensive theory explaining their aftermath. Building on a dual-perspective model of …","","https://scholar.google.com/scholar?q=related:aA1I1daYfIIJ:scholar.google.com/&scioq=source:%22social+psychological+and+personality+science%22&hl=en&as_sdt=0,5&as_ylo=2019&as_yhi=2019"
11,"BM Tappin, RT McKay","Investigating the relationship between self-perceived moral superiority and moral behavior using economic games",2019,"… Psychological and Personality …","journals.sagepub.com","https://journals.sagepub.com/doi/abs/10.1177/1948550617750736","https://scholar.google.com/scholar?cites=14008417774990200492&as_sdt=2005&sciodt=0,5&hl=en",90,"2023-09-25 12:52:48","","10.1177/1948550617750736","","",,,,,11,2.75,6,2,4,"Most people report that they are superior to the average person on various moral traits. The psychological causes and social consequences of this phenomenon have received …","https://psyarxiv.com/kqmuz/download?format=pdf","https://scholar.google.com/scholar?q=related:rA6PH7_lZ8IJ:scholar.google.com/&scioq=source:%22social+psychological+and+personality+science%22&hl=en&as_sdt=0,5&as_ylo=2019&as_yhi=2019"
9,"S Simon, E Shaffer, R Neel…","Exploring Blacks' perceptions of Whites' racial prejudice as a function of intergroup behavior and motivational mindsets",2019,"… and Personality Science","journals.sagepub.com","https://journals.sagepub.com/doi/abs/10.1177/1948550618778584","https://scholar.google.com/scholar?cites=18061437001839219478&as_sdt=2005&sciodt=0,5&hl=en",91,"2023-09-25 12:52:48","","10.1177/1948550618778584","","",,,,,9,2.25,2,4,4,"When Whites believe prejudice cannot change, they often adopt a behavioral style that is intended to reduce the possibility that they are seen as racist (ie, performance-oriented …","","https://scholar.google.com/scholar?q=related:FhO5c0Idp_oJ:scholar.google.com/&scioq=source:%22social+psychological+and+personality+science%22&hl=en&as_sdt=0,5&as_ylo=2019&as_yhi=2019"
9,"EL De Moor, R Hutteman…","Linking stressful experiences and psychological problems: The role of self-esteem",2019,"… Personality Science","journals.sagepub.com","https://journals.sagepub.com/doi/abs/10.1177/1948550618795167","https://scholar.google.com/scholar?cites=11274627529103970295&as_sdt=2005&sciodt=0,5&hl=en",92,"2023-09-25 12:52:48","","10.1177/1948550618795167","","",,,,,9,2.25,3,3,4,"Stressful experiences have repeatedly been related to psychological problems. The current study extends previous work on stress and psychological problems by examining the link …","https://journals.sagepub.com/doi/full/10.1177/1948550618795167","https://scholar.google.com/scholar?q=related:9w8VjwCGd5wJ:scholar.google.com/&scioq=source:%22social+psychological+and+personality+science%22&hl=en&as_sdt=0,5&as_ylo=2019&as_yhi=2019"
9,"S Does, S Gündemir, M Shih","The divided states of America: How the 2016 US presidential election shaped perceived levels of gender equality",2019,"… Psychological and Personality …","journals.sagepub.com","https://journals.sagepub.com/doi/abs/10.1177/1948550618757033","https://scholar.google.com/scholar?cites=7291573437583664801&as_sdt=2005&sciodt=0,5&hl=en",93,"2023-09-25 12:52:48","","10.1177/1948550618757033","","",,,,,9,2.25,3,3,4,"When Barack Obama became the first Black American to be elected president of the United States, many claimed that a “postracial” society had been achieved. Analogously, we …","","https://scholar.google.com/scholar?q=related:oSbZuGjfMGUJ:scholar.google.com/&scioq=source:%22social+psychological+and+personality+science%22&hl=en&as_sdt=0,5&as_ylo=2019&as_yhi=2019"
9,"HM Watkins, B Bastian","Lest we forget: the effect of war commemorations on regret, positive moral emotions, and support for war",2019,"… psychological and personality …","journals.sagepub.com","https://journals.sagepub.com/doi/abs/10.1177/1948550619829067","https://scholar.google.com/scholar?cites=5985021089396486612&as_sdt=2005&sciodt=0,5&hl=en",94,"2023-09-25 12:52:48","","10.1177/1948550619829067","","",,,,,9,2.25,5,2,4,"Why do societies commemorate war? The persistence of war commemorations suggests they serve a purpose in society. We examine one possibility: Commemorating past sacrifices …","","https://scholar.google.com/scholar?q=related:1PGyhvgQD1MJ:scholar.google.com/&scioq=source:%22social+psychological+and+personality+science%22&hl=en&as_sdt=0,5&as_ylo=2019&as_yhi=2019"
7,"ME Heffernan, JY Chong…","Are people attracted to others who resemble their opposite-sex parents? An examination of mate preferences and parental ethnicity among biracial individuals",2019,"Social Psychological and …","journals.sagepub.com","https://journals.sagepub.com/doi/abs/10.1177/1948550618794679","https://scholar.google.com/scholar?cites=13103576076042687075&as_sdt=2005&sciodt=0,5&hl=en",95,"2023-09-25 12:52:48","","10.1177/1948550618794679","","",,,,,7,1.75,2,3,4,"It is generally believed that people tend to be attracted to and pair with others who resemble their opposite-sex parents. Studies 1A (n= 1,025) and 1B (n= 3,105) tested this assumption …","","https://scholar.google.com/scholar?q=related:Y9LU8wNB2bUJ:scholar.google.com/&scioq=source:%22social+psychological+and+personality+science%22&hl=en&as_sdt=0,5&as_ylo=2019&as_yhi=2019"
7,"M Li, HA Colby, P Fernbach","Efficiency for lives, equality for everything else: How allocation preference shifts across domains",2019,"… Psychological and Personality …","journals.sagepub.com","https://journals.sagepub.com/doi/abs/10.1177/1948550618783709","https://scholar.google.com/scholar?cites=7272503475753759547&as_sdt=2005&sciodt=0,5&hl=en",96,"2023-09-25 12:52:48","","10.1177/1948550618783709","","",,,,,7,1.75,2,3,4,"The allocation of scarce public resources such as transplant organs and limited public funding involves a trade-off between equality—equal access and efficiency—maximizing …","https://journals.sagepub.com/doi/full/10.1177/1948550618783709","https://scholar.google.com/scholar?q=related:O7MYPGEf7WQJ:scholar.google.com/&scioq=source:%22social+psychological+and+personality+science%22&hl=en&as_sdt=0,5&as_ylo=2019&as_yhi=2019"
8,"JS Gray, DJ Ozer","Comparing two models of dyadic change: Correlated growth versus common fate",2019,"… Psychological and Personality Science","journals.sagepub.com","https://journals.sagepub.com/doi/abs/10.1177/1948550618799066","https://scholar.google.com/scholar?cites=7094309044885211184&as_sdt=2005&sciodt=0,5&hl=en",97,"2023-09-25 12:52:48","","10.1177/1948550618799066","","",,,,,8,2.00,4,2,4,"The analysis of longitudinal dyadic data often requires complex structural models. Two models of dyadic change, the correlated growth model and the common fate growth model …","","https://scholar.google.com/scholar?q=related:MEg5M30MdGIJ:scholar.google.com/&scioq=source:%22social+psychological+and+personality+science%22&hl=en&as_sdt=0,5&as_ylo=2019&as_yhi=2019"
6,"A Ledgerwood, CJ Wakslak…","A brief, distance-based intervention can increase intentions to follow evidence-based guidelines in cancer screening",2019,"Social Psychological …","journals.sagepub.com","https://journals.sagepub.com/doi/abs/10.1177/1948550618779387","https://scholar.google.com/scholar?cites=13825459678851973567&as_sdt=2005&sciodt=0,5&hl=en",98,"2023-09-25 12:52:48","","10.1177/1948550618779387","","",,,,,6,1.50,2,3,4,"Although research findings are increasingly accessible to the public, people may choose to rely on anecdotal over evidence-based information when making important decisions. Thus …","https://escholarship.org/content/qt6rz966c0/qt6rz966c0.pdf","https://scholar.google.com/scholar?q=related:v0F11lPm3b8J:scholar.google.com/&scioq=source:%22social+psychological+and+personality+science%22&hl=en&as_sdt=0,5&as_ylo=2019&as_yhi=2019"
6,"JT Crawford, A Fournier…","Does subjective SES moderate the effect of money priming on socioeconomic system support? A replication of Schuler and Wänke (2016)",2019,"Social Psychological and …","journals.sagepub.com","https://journals.sagepub.com/doi/abs/10.1177/1948550617740941","https://scholar.google.com/scholar?cites=2048302348029811671&as_sdt=2005&sciodt=0,5&hl=en",99,"2023-09-25 12:52:48","","10.1177/1948550617740941","","",,,,,6,1.50,2,3,4,"Findings that money priming increases socioeconomic system support have proven difficult to replicate. Schuler and Wänke found that subjective socioeconomic status (SES) …","https://journals.sagepub.com/doi/pdf/10.1177/1948550617740941","https://scholar.google.com/scholar?q=related:11vqFiIIbRwJ:scholar.google.com/&scioq=source:%22social+psychological+and+personality+science%22&hl=en&as_sdt=0,5&as_ylo=2019&as_yhi=2019"
6,"R Stein, AB Swan","Deeply confusing: Conflating difficulty with deep revelation on personality assessment",2019,"… Psychological and Personality Science","journals.sagepub.com","https://journals.sagepub.com/doi/abs/10.1177/1948550618766409","https://scholar.google.com/scholar?cites=12235832734424110789&as_sdt=2005&sciodt=0,5&hl=en",100,"2023-09-25 12:52:48","","10.1177/1948550618766409","","",,,,,6,1.50,3,2,4,"The factors that contribute to lay expectations of personality assessments are not well understood. Five studies demonstrate that people conflate difficulty of personality …","https://www.academia.edu/download/56246562/Stein_Swan_2018_Deeply_Confusing.pdf","https://scholar.google.com/scholar?q=related:xRZyMgtpzqkJ:scholar.google.com/&scioq=source:%22social+psychological+and+personality+science%22&hl=en&as_sdt=0,5&as_ylo=2019&as_yhi=2019"
5,"JT Crawford, S Vodapalli…","Do status-legitimizing beliefs moderate effects of racial progress on perceptions of anti-White bias? A replication of Wilkins and Kaiser (2014)",2019,"Social Psychological …","journals.sagepub.com","https://journals.sagepub.com/doi/abs/10.1177/1948550618792057","https://scholar.google.com/scholar?cites=10464428265058549325&as_sdt=2005&sciodt=0,5&hl=en",101,"2023-09-25 12:52:48","","10.1177/1948550618792057","","",,,,,5,1.25,2,3,4,"In three studies, Wilkins and Kaiser found that both chronic and experimental salience of racial progress in the United States increased the perceptions of anti-White bias only among …","https://ruscio.pages.tcnj.edu/files/2019/07/Crawford-et-al-2019-SPPS-Status-Legitimizing-Beliefs-Replication.pdf","https://scholar.google.com/scholar?q=related:TT5fbBAeOZEJ:scholar.google.com/&scioq=source:%22social+psychological+and+personality+science%22&hl=en&as_sdt=0,5&as_ylo=2019&as_yhi=2019"
5,"VL Spring, CD Cameron, S McKee…","Intentional and unintentional empathy for pain among physicians and nonphysicians",2019,"Social Psychological …","journals.sagepub.com","https://journals.sagepub.com/doi/abs/10.1177/1948550618771890","https://scholar.google.com/scholar?cites=16817221075328853617&as_sdt=2005&sciodt=0,5&hl=en",102,"2023-09-25 12:52:48","","10.1177/1948550618771890","","",,,,,5,1.25,1,4,4,"Empathy can be both beneficial and costly. This trade-off is pertinent for physicians who must care for patients while maintaining emotional distance to avoid burnout. Prior work …","https://journals.sagepub.com/doi/full/10.1177/1948550618771890","https://scholar.google.com/scholar?q=related:cWYwcHfFYukJ:scholar.google.com/&scioq=source:%22social+psychological+and+personality+science%22&hl=en&as_sdt=0,5&as_ylo=2019&as_yhi=2019"
5,"G Feldman","What is honesty? Laypersons interpret high lie scale scores as reflecting intentional dishonesty: Rejoinder to de Vries et al.'s (2017) Comment on Feldman et al.(2017)",2019,"Social Psychological and Personality Science","journals.sagepub.com","https://journals.sagepub.com/doi/abs/10.1177/1948550617737141","https://scholar.google.com/scholar?cites=17635155063796804908&as_sdt=2005&sciodt=0,5&hl=en",103,"2023-09-25 12:52:48","","10.1177/1948550617737141","","",,,,,5,1.25,5,1,4,"Scholars have recently been questioning the original premise of lie scales as measuring dishonesty for social desirability, with some even claiming that lie scales may in fact …","https://journals.sagepub.com/doi/full/10.1177/1948550617737141","https://scholar.google.com/scholar?q=related:LC2KcBiovPQJ:scholar.google.com/&scioq=source:%22social+psychological+and+personality+science%22&hl=en&as_sdt=0,5&as_ylo=2019&as_yhi=2019"
5,"CM Federico, R Aguilera","The Distinct Pattern of Relationships Between the Big Five and Racial Resentment Among White Americans",2019,"… Psychological and Personality …","journals.sagepub.com","https://journals.sagepub.com/doi/abs/10.1177/1948550617752063","https://scholar.google.com/scholar?cites=10213170268298528223&as_sdt=2005&sciodt=0,5&hl=en",104,"2023-09-25 12:52:48","","10.1177/1948550617752063","","",,,,,5,1.25,3,2,4,"Research on the relationship between the Big Five and prejudice suggests that low agreeableness and low openness to experience are the most consistent personality …","","https://scholar.google.com/scholar?q=related:38WDUD94vI0J:scholar.google.com/&scioq=source:%22social+psychological+and+personality+science%22&hl=en&as_sdt=0,5&as_ylo=2019&as_yhi=2019"
4,"C Sanchez, D Dunning","Cultural Patterns Explain the Worldwide Perception/Performance Paradox in Student Self-Assessments of Math and Science Skill",2019,"… Psychological and Personality …","journals.sagepub.com","https://journals.sagepub.com/doi/abs/10.1177/1948550618801003","https://scholar.google.com/scholar?cites=10174551960896571768&as_sdt=2005&sciodt=0,5&hl=en",105,"2023-09-25 12:52:48","","10.1177/1948550618801003","","",,,,,4,1.00,2,2,4,"Having skill does not necessarily mean more self-confidence in that skill, as shown in four panels, from 2003 to 2015 (n≈ 983,934), of self-assessments by eighth graders in the …","","https://scholar.google.com/scholar?q=related:eIn-8RlFM40J:scholar.google.com/&scioq=source:%22social+psychological+and+personality+science%22&hl=en&as_sdt=0,5&as_ylo=2019&as_yhi=2019"
3,"C Puryear, JA Vandello","Inflammatory comments elicit less outrage when made in anonymous online contexts",2019,"… Psychological and Personality …","journals.sagepub.com","https://journals.sagepub.com/doi/abs/10.1177/1948550618806350","https://scholar.google.com/scholar?cites=3179530081910251604&as_sdt=2005&sciodt=0,5&hl=en",106,"2023-09-25 12:52:48","","10.1177/1948550618806350","","",,,,,3,0.75,2,2,4,"Digital communities often face difficulties in limiting inflammatory social exchanges. The present studies test one potential obstacle to combating malicious comments online: that …","","https://scholar.google.com/scholar?q=related:VODtfMP1HywJ:scholar.google.com/&scioq=source:%22social+psychological+and+personality+science%22&hl=en&as_sdt=0,5&as_ylo=2019&as_yhi=2019"
3,"MS Yates, TG Okimoto","Changing beliefs about female leader advancement following the 2016 US presidential election",2019,"… Psychological and Personality …","journals.sagepub.com","https://journals.sagepub.com/doi/abs/10.1177/1948550618766399","https://scholar.google.com/scholar?cites=3243859277682051506&as_sdt=2005&sciodt=0,5&hl=en",107,"2023-09-25 12:52:48","","10.1177/1948550618766399","","",,,,,3,0.75,2,2,4,"Scholars have discussed the implications of positive leadership role models, including the impact of Barack Obama and Hillary Clinton's political rise for aspiring leaders of …","https://www.researchgate.net/profile/Tyler-Okimoto/publication/325748812_Changing_Beliefs_About_Female_Leader_Advancement_Following_the_2016_US_Presidential_Election/links/5b3016fc0f7e9b0df5c6de3e/Changing-Beliefs-About-Female-Leader-Advancement-Following-the-2016-US-Presidential-Election.pdf?_sg%5B0%5D=started_experiment_milestone&origin=journalDetail&_rtd=e30%3D","https://scholar.google.com/scholar?q=related:sgmYi9OABC0J:scholar.google.com/&scioq=source:%22social+psychological+and+personality+science%22&hl=en&as_sdt=0,5&as_ylo=2019&as_yhi=2019"
3,"R Griffo, CR Colvin","An exploration of subjective situation dimensions associated with situation-specific behavior",2019,"… Psychological and Personality Science","journals.sagepub.com","https://journals.sagepub.com/doi/abs/10.1177/1948550618765073","https://scholar.google.com/scholar?cites=14747492747393863131&as_sdt=2005&sciodt=0,5&hl=en",108,"2023-09-25 12:52:48","","10.1177/1948550618765073","","",,,,,3,0.75,2,2,4,"The current research presents a general framework for assessing the subjective perception of situations. The framework was used to assess freely listed situations relevant to …","","https://scholar.google.com/scholar?q=related:240PqISeqcwJ:scholar.google.com/&scioq=source:%22social+psychological+and+personality+science%22&hl=en&as_sdt=0,5&as_ylo=2019&as_yhi=2019"
3,"CE Phills, K Kawakami, DR Krusemark, J Nyguen","Does reduc‑ing prejudice increase outgroup identification? The downstream consequences of associating positive concepts with racial categories",2019,"… Psychological and Personality …","","","https://scholar.google.com/scholar?cites=8011877030943700878&as_sdt=2005&sciodt=0,5&hl=en",109,"2023-09-25 12:52:48","CITATION","","","",,,,,3,0.75,1,4,4,"","","https://scholar.google.com/scholar?q=related:jreC_bXnL28J:scholar.google.com/&scioq=source:%22social+psychological+and+personality+science%22&hl=en&as_sdt=0,5&as_ylo=2019&as_yhi=2019"
2,"O Stavrova","Social perception of forecasters: People see forecasts of future outcomes as cues to forecasters' desires, attitudes, and identity",2019,"Social Psychological and Personality Science","journals.sagepub.com","https://journals.sagepub.com/doi/abs/10.1177/1948550618789607","https://scholar.google.com/scholar?cites=14879783205338604212&as_sdt=2005&sciodt=0,5&hl=en",110,"2023-09-25 12:52:48","","10.1177/1948550618789607","","",,,,,2,0.50,2,1,4,"While people's forecasts of future outcomes are often guided by their preferences (“desirability bias”), it has not been explored yet whether people infer others' preferences …","https://journals.sagepub.com/doi/pdf/10.1177/1948550618789607","https://scholar.google.com/scholar?q=related:tOIHIf2bf84J:scholar.google.com/&scioq=source:%22social+psychological+and+personality+science%22&hl=en&as_sdt=0,5&as_ylo=2019&as_yhi=2019"
2,"W Kimberlee, C Patricia","The Status Signals Paradox",2019,"Social Psychological and Personality Science","","","https://scholar.google.com/scholar?cites=11512326569196612221&as_sdt=2005&sciodt=0,5&hl=en",111,"2023-09-25 12:52:48","CITATION","","","",,,,,2,0.50,1,2,4,"","","https://scholar.google.com/scholar?q=related:fWpBDwUAxJ8J:scholar.google.com/&scioq=source:%22social+psychological+and+personality+science%22&hl=en&as_sdt=0,5&as_ylo=2019&as_yhi=2019"
1,"JA Frimer","Does the left hair part look better (or worse) than the right?",2019,"Social Psychological and Personality Science","journals.sagepub.com","https://journals.sagepub.com/doi/abs/10.1177/1948550618762500","https://scholar.google.com/scholar?cites=8675440851029709657&as_sdt=2005&sciodt=0,5&hl=en",112,"2023-09-25 12:52:48","","10.1177/1948550618762500","","",,,,,1,0.25,1,1,4,"This article provides the first experimental tests of whether the side of the head on which a person parts his or her hair affects the person's appearance and perceived character. The …","https://osf.io/cgeav/download","https://scholar.google.com/scholar?q=related:WdOJU31bZXgJ:scholar.google.com/&scioq=source:%22social+psychological+and+personality+science%22&hl=en&as_sdt=0,5&as_ylo=2019&as_yhi=2019"
0,"MJ Brandt, JT Crawford…","Worldview conflict in daily life (vol 10, pg 35, 2019)",2019,"… SCIENCE","SAGE PUBLICATIONS INC 2455 …","","",113,"2023-09-25 12:52:48","CITATION","","","",,,,,0,0.00,0,3,4,"","","https://scholar.google.com/scholar?q=related:-5t3lCUiIPIJ:scholar.google.com/&scioq=source:%22social+psychological+and+personality+science%22&hl=en&as_sdt=0,5&as_ylo=2019&as_yhi=2019"
0,"KA Scigala, C Schild, DW Heck…","Who deals with the devil? Interdependence, personality, and corrupted collaboration",2019,"… Psychological …","SAGE PUBLICATIONS INC 2455 …","","",114,"2023-09-25 12:52:48","CITATION","","","",,,,,0,0.00,0,4,4,"","",""
0,"AM Sweeney, AL Freitas","When Do Intended Performance Standards Predict Goal-Related Affect? A Motivated-Reasoning Perspective",2019,"… Psychological and Personality …","journals.sagepub.com","https://journals.sagepub.com/doi/abs/10.1177/1948550618762299","",115,"2023-09-25 12:52:48","","10.1177/1948550618762299","","",,,,,0,0.00,0,2,4,"This research used intensive longitudinal methods to examine a motivated cognition perspective on intention–behavior discrepancies. We propose that under conditions of high …","http://psychology.psy.sunysb.edu/afreitas-/publications/SweeneyFreitas2018SPPS.pdf","https://scholar.google.com/scholar?q=related:t2TYfvx6tnAJ:scholar.google.com/&scioq=source:%22social+psychological+and+personality+science%22&hl=en&as_sdt=0,5&as_ylo=2019&as_yhi=2019"
3,"FR Eadeh, KK Chang","Can threat increase support for liberalism? New insights into the relationship between threat and political preferences",2019,"Social Psychological and Personality Science …","","","https://scholar.google.com/scholar?cites=13537710190951816146&as_sdt=2005&sciodt=0,5&hl=en",116,"2023-09-25 12:52:48","CITATION","","","",,,,,3,0.75,2,2,4,"","","https://scholar.google.com/scholar?q=related:0lveW7Gb37sJ:scholar.google.com/&scioq=source:%22social+psychological+and+personality+science%22&hl=en&as_sdt=0,5&as_ylo=2019&as_yhi=2019"
