,X,Reason,DOI,Title,trimmed_title,CombinedCites,CombinedAuthors,Year,Source,Publisher,ArticleURL,CitesURL,GSRank,DOI_missing,CitationURL,ECC,CitesPerYear,CitesPerAuthor,AuthorCount,Age,Abstract,FullTextURL,RelatedURL
1,1,Scale,10.1037/t68389-000,Comprehensive Relative Autonomy Index,comprehensive relative autonomy index,2,"KM Sheldon, EN Osin, TO Gordeeva, ...",2017,… Psychology Bulletin,psycnet.apa.org,https://psycnet.apa.org/doiLanding?doi=10.1037/t68389-000,"https://scholar.google.com/scholar?cites=11890684423051787120&as_sdt=2005&sciodt=0,5&hl=en",122,FALSE,NA,2,0.33,1,4,6,"Abstract The Comprehensive Relative Autonomy Index (C-RAI; Sheldon et al., 2017) is based on self-determination theory's"" relative autonomy continuum"", with items derived from …",NA,"https://scholar.google.com/scholar?q=related:cLtFtHsyBKUJ:scholar.google.com/&scioq=source:%22personality+and+social+psychology+bulletin%22&hl=en&as_sdt=0,5&as_ylo=2017&as_yhi=2017"
2,2,Scale,10.1037/t71065-000,Basic Psychological Need Satisfaction at Work Scale,basic psychological need satisfaction at work scal,1,"EL Deci, RM Ryan, M Gagné, DR Leone, ...",2017,… and Social Psychology …,psycnet.apa.org,https://psycnet.apa.org/doiLanding?doi=10.1037/t71065-000,"https://scholar.google.com/scholar?cites=17081666958882624149&as_sdt=2005&sciodt=0,5&hl=en",124,FALSE,NA,1,0,0,5,#NAME?,"Abstract The Basic Psychological Need Satisfaction at Work Scale (BPNS-W; Deci et al., 2001) was developed within the context of a study testing a model derived from self …",NA,"https://scholar.google.com/scholar?q=related:ldK5t5hFDu0J:scholar.google.com/&scioq=source:%22personality+and+social+psychology+bulletin%22&hl=en&as_sdt=0,5&as_ylo=2017&as_yhi=2017"
525,525,INCLUDED- apostrophe,10.1177/0146167220950522,Can researchers' personal characteristics shape their statistical inferences?,can researchers personal characteristics shape the,3,"EW Dunn, L Chen, JDE Proulx…",2021,… Psychology Bulletin,journals.sagepub.com,https://journals.sagepub.com/doi/abs/10.1177/0146167220950522,"https://scholar.google.com/scholar?cites=13451615959901923997&as_sdt=2005&sciodt=0,5&hl=en",102,FALSE,NA,3,1.5,1,4,2,Researchers' subjective judgments may affect the statistical results they obtain. This possibility is particularly stark in Bayesian hypothesis testing: To use this increasingly …,https://psyarxiv.com/dg4be/download/?format=pdf,"https://scholar.google.com/scholar?q=related:nertIHK9rboJ:scholar.google.com/&scioq=source:%22personality+and+social+psychology+bulletin%22&hl=en&as_sdt=0,5&as_ylo=2021&as_yhi=2021"
670,670,NEED- Editorial,10.1177/0146167221989322,"PSPB Editorial Philosophy, January 2021",pspb editorial philosophy january 2021,0,"M Robinson, Y Huo, E Impett…",2021,… and Social Psychology …,journals.sagepub.com,https://journals.sagepub.com/doi/full/10.1177/0146167221989322,NA,115,FALSE,NA,0,0,0,4,2,"2 Personality and Social Psychology Bulletin 00 (0) details). Upon publication, open materials, data, and code will be made available to readers. In accordance with Level II …",NA,"https://scholar.google.com/scholar?q=related:WZy6snwTkEYJ:scholar.google.com/&scioq=source:%22personality+and+social+psychology+bulletin%22&hl=en&as_sdt=0,5&as_ylo=2021&as_yhi=2021"
680,680,LATER VOLUME,10.1177/01461672221088402,A Bias Toward Kindness Goals in Performance Feedback to Women (vs. Men),a bias toward kindness goals in performance feedba,1,"L Jampol, A Rattan, EB Wolf",2022,… Social Psychology Bulletin,journals.sagepub.com,https://journals.sagepub.com/doi/abs/10.1177/01461672221088402,"https://scholar.google.com/scholar?cites=2332553274594352536&as_sdt=2005&sciodt=0,5&hl=en",123,FALSE,NA,1,1,0,3,1,"While research has documented positivity biases in workplace feedback to women versus men, this phenomenon is not fully understood. We take a motivational perspective …",https://lbsresearch.london.edu/id/eprint/2339/1/Kind%20Bias%20RRR_Final.docx,"https://scholar.google.com/scholar?q=related:mN3eR9jkXiAJ:scholar.google.com/&scioq=source:%22personality+and+social+psychology+bulletin%22&hl=en&as_sdt=0,5&as_ylo=2022&as_yhi=2022"
681,681,NOT IN PRINT,10.1177/01461672221092273,Gratitude is morally sensitive,gratitude is morally sensitive,4,"H Yu, Y Zhou, AM Nussberger",2022,… Social Psychology Bulletin,journals.sagepub.com,https://journals.sagepub.com/doi/abs/10.1177/01461672221092273,"https://scholar.google.com/scholar?cites=14333697225307186241&as_sdt=2005&sciodt=0,5&hl=en",72,FALSE,NA,4,4,1,3,1,"Helping acts, however well intended and beneficial, sometimes involve immoral means or immoral helpers. Here, we explore whether help recipients consider moral evaluations in …",https://journals.sagepub.com/doi/pdf/10.1177/01461672221092273,"https://scholar.google.com/scholar?q=related:QeRv6K6F68YJ:scholar.google.com/&scioq=source:%22personality+and+social+psychology+bulletin%22&hl=en&as_sdt=0,5&as_ylo=2022&as_yhi=2022"
682,682,LATER VOLUME,10.1177/01461672221096587,A longitudinal test of the conservative-liberal well-being gap,a longitudinal test of the conservativeliberal wel,3,"S Vargas Salfate, SS Khan, JH Liu…",2022,… Psychology Bulletin,journals.sagepub.com,https://journals.sagepub.com/doi/abs/10.1177/01461672221096587,"https://scholar.google.com/scholar?cites=14060062027021137385&as_sdt=2005&sciodt=0,5&hl=en",35,FALSE,NA,3,3,1,4,1,"In this article, we test if conservatism predicts psychological well-being longitudinally. We based the study on previous findings showing that conservatives score higher on different …",https://www.researchgate.net/profile/Homero-Gil-De-Zuniga/publication/361815205_A_Longitudinal_Test_of_the_Conservative-Liberal_Well-Being_Gap/links/63693c852f4bca7fd03d7868/A-Longitudinal-Test-of-the-Conservative-Liberal-Well-Being-Gap.pdf,"https://scholar.google.com/scholar?q=related:6bWNkOtfH8MJ:scholar.google.com/&scioq=source:%22personality+and+social+psychology+bulletin%22&hl=en&as_sdt=0,5&as_ylo=2022&as_yhi=2022"
683,683,LATER VOLUME,10.1177/01461672221099392,Racialized perceptions of vegetarianism: Stereotypical associations that undermine inclusion in eating behaviors,racialized perceptions of vegetarianism stereotypi,4,"DL Rosenfeld, TN Brannon…",2022,… and Social Psychology …,journals.sagepub.com,https://journals.sagepub.com/doi/abs/10.1177/01461672221099392,"https://scholar.google.com/scholar?cites=343633132466668493&as_sdt=2005&sciodt=0,5&hl=en",37,FALSE,NA,4,4,1,3,1,Shifting societal eating patterns toward a vegetarian diet offers promise for improving public health and environmental sustainability. Yet concerns exist about racial disparities in …,https://journals.sagepub.com/doi/pdf/10.1177/01461672221099392,"https://scholar.google.com/scholar?q=related:zQO7aYPUxAQJ:scholar.google.com/&scioq=source:%22personality+and+social+psychology+bulletin%22&hl=en&as_sdt=0,5&as_ylo=2022&as_yhi=2022"
684,684,LATER VOLUME,10.1177/01461672221100336,Spontaneous trait inferences from behavior: A systematic meta-analysis,spontaneous trait inferences from behavior a syste,5,"A Bott, L Brockmann, I Denneberg…",2022,… Psychology Bulletin,journals.sagepub.com,https://journals.sagepub.com/doi/abs/10.1177/01461672221100336,"https://scholar.google.com/scholar?cites=16034653766734192278&as_sdt=2005&sciodt=0,5&hl=en",77,FALSE,NA,5,5,1,4,1,"Research suggests that people spontaneously infer traits from behavioral information, thus forming impressions of actors' personalities. Such spontaneous trait inferences (STI) have …",https://journals.sagepub.com/doi/pdf/10.1177/01461672221100336,"https://scholar.google.com/scholar?q=related:lh6SRqWIht4J:scholar.google.com/&scioq=source:%22personality+and+social+psychology+bulletin%22&hl=en&as_sdt=0,5&as_ylo=2022&as_yhi=2022"
685,685,LATER VOLUME,10.1177/01461672221102015,When Objective Ambivalence Predicts Subjective Ambivalence: An Affect–Cognition Matching Perspective,when objective ambivalence predicts subjective amb,2,"WJR Ng, YHM See, LE Wallace",2022,… Social Psychology Bulletin,journals.sagepub.com,https://journals.sagepub.com/doi/abs/10.1177/01461672221102015,"https://scholar.google.com/scholar?cites=448465172020698121&as_sdt=2005&sciodt=0,5&hl=en",86,FALSE,NA,2,2,1,3,1,"Understanding when people are likely to feel ambivalent is important, as ambivalence is associated with key attitude outcomes, such as attitude-behavior consistency. Interestingly …",https://www.michellesee.com/uploads/1/1/9/6/119627433/ng_et_al.__2022_._when_objective_ambivalence_predicts_subjective_ambivalence.pdf,"https://scholar.google.com/scholar?q=related:CZxtqLJEOQYJ:scholar.google.com/&scioq=source:%22personality+and+social+psychology+bulletin%22&hl=en&as_sdt=0,5&as_ylo=2022&as_yhi=2022"
686,686,LATER VOLUME,10.1177/01461672221103058,Deontology and utilitarianism in real life: A set of moral dilemmas based on historic events,deontology and utilitarianism in real life a set o,5,"A Körner, R Deutsch",2022,Personality and Social Psychology …,journals.sagepub.com,https://journals.sagepub.com/doi/abs/10.1177/01461672221103058,"https://scholar.google.com/scholar?cites=14891630957532923566&as_sdt=2005&sciodt=0,5&hl=en",89,FALSE,NA,5,5,3,2,1,Moral dilemmas are frequently used to examine psychological processes that drive decisions between adhering to deontological norms and optimizing the outcome. However …,https://journals.sagepub.com/doi/pdf/10.1177/01461672221103058,"https://scholar.google.com/scholar?q=related:rsb15XSzqc4J:scholar.google.com/&scioq=source:%22personality+and+social+psychology+bulletin%22&hl=en&as_sdt=0,5&as_ylo=2022&as_yhi=2022"
687,687,LATER VOLUME,10.1177/01461672221103414,The measurement of racial colorblindness,the measurement of racial colorblindness,11,"BE Whitley Jr, A Luttrell…",2022,… Social Psychology Bulletin,journals.sagepub.com,https://journals.sagepub.com/doi/abs/10.1177/01461672221103414,"https://scholar.google.com/scholar?cites=6197371648200625858&as_sdt=2005&sciodt=0,5&hl=en",29,FALSE,NA,11,11,4,3,1,"Although there is consensus that the intergroup ideology of multiculturalism is negatively related to prejudice and that assimilation is positively related to prejudice, research …",http://lab.andyluttrell.com/wp-content/uploads/2022/07/In-Press-Whitley-Luttrell-Schultz-The-Measurement-of-Racial-Colorblindness.pdf,"https://scholar.google.com/scholar?q=related:wk4T0K18AVYJ:scholar.google.com/&scioq=source:%22personality+and+social+psychology+bulletin%22&hl=en&as_sdt=0,5&as_ylo=2022&as_yhi=2022"
688,688,LATER VOLUME,10.1177/01461672221104927,Speak up! Mistaken beliefs about how much to talk in conversations,speak up mistaken beliefs about how much to talk i,6,"Q Hirschi, TD Wilson, DT Gilbert",2022,… Social Psychology Bulletin,journals.sagepub.com,https://journals.sagepub.com/doi/abs/10.1177/01461672221104927,"https://scholar.google.com/scholar?cites=7750789207580771126&as_sdt=2005&sciodt=0,5&hl=en",38,FALSE,NA,6,6,2,3,1,"We hypothesized that people would exhibit a reticence bias, the incorrect belief that they will be more likable if they speak less than half the time in a conversation with a stranger, as well …",https://dtg.sites.fas.harvard.edu/HIRSCHI%20WILSON%20GILBERT%202022.pdf,"https://scholar.google.com/scholar?q=related:NoPIBrhVkGsJ:scholar.google.com/&scioq=source:%22personality+and+social+psychology+bulletin%22&hl=en&as_sdt=0,5&as_ylo=2022&as_yhi=2022"
689,689,LATER VOLUME,10.1177/01461672221105958,The Effect of Counterfactual Potency on Behavioral Intentions,the effect of counterfactual potency on behavioral,1,"WJ Kim, A Summerville",2022,Personality and Social Psychology …,journals.sagepub.com,https://journals.sagepub.com/doi/abs/10.1177/01461672221105958,"https://scholar.google.com/scholar?cites=10885621758921396740&as_sdt=2005&sciodt=0,5&hl=en",163,FALSE,NA,1,1,1,2,1,"This research examines how counterfactual potency (CP), the multiplicative effect of the likelihoods of the “if” and “then” clauses of counterfactuals, determines the effects of …",https://www.researchgate.net/profile/Woo-Kim-8/publication/361938595_The_Effect_of_Counterfactual_Potency_on_Behavioral_Intentions/links/63242560071ea12e36389cbe/The-Effect-of-Counterfactual-Potency-on-Behavioral-Intentions.pdf,"https://scholar.google.com/scholar?q=related:BNLFs1B_EZcJ:scholar.google.com/&scioq=source:%22personality+and+social+psychology+bulletin%22&hl=en&as_sdt=0,5&as_ylo=2022&as_yhi=2022"
690,690,LATER VOLUME,10.1177/01461672221107205,Do agency and communion explain the relationship between perceiver and target effects in interpersonal perception? A meta-analysis on generalized reciprocity,do agency and communion explain the relationship b,2,"T Schauf, M Dufner, S Nestler…",2022,… and Social Psychology …,journals.sagepub.com,https://journals.sagepub.com/doi/abs/10.1177/01461672221107205,"https://scholar.google.com/scholar?cites=9027757091711931401&as_sdt=2005&sciodt=0,5&hl=en",154,FALSE,NA,2,2,1,4,1,"This meta-analysis examines generalized reciprocity, that is, the relationship between how people perceive others and how they are perceived by others. It tests the hypothesis that …",https://psyarxiv.com/qzb3a/download?format=pdf,"https://scholar.google.com/scholar?q=related:CdQAaj4JSX0J:scholar.google.com/&scioq=source:%22personality+and+social+psychology+bulletin%22&hl=en&as_sdt=0,5&as_ylo=2022&as_yhi=2022"
691,691,LATER VOLUME,10.1177/01461672221107209,How rice fights pandemics: Nature–crop–human interactions shaped COVID-19 outcomes,how rice fights pandemics naturecrophuman interact,14,"T Talhelm, CS Lee, AS English…",2022,… and Social Psychology …,journals.sagepub.com,https://journals.sagepub.com/doi/abs/10.1177/01461672221107209,"https://scholar.google.com/scholar?cites=6744967932311841725&as_sdt=2005&sciodt=0,5&hl=en",4,FALSE,NA,14,14,4,4,1,"Wealthy nations led health preparedness rankings in 2019, yet many poor nations controlled COVID-19 better. We argue that a history of rice farming explains why some societies did …",https://www.zbw.eu/econis-archiv/bitstream/11159/527608/1/EBP089916646_0.pdf,"https://scholar.google.com/scholar?q=related:vSvZGpnwml0J:scholar.google.com/&scioq=source:%22personality+and+social+psychology+bulletin%22&hl=en&as_sdt=0,5&as_ylo=2022&as_yhi=2022"
692,692,LATER VOLUME,10.1177/01461672221109664,Low self-concept clarity inhibits self-control: The mediating effect of global self-continuity,low selfconcept clarity inhibits selfcontrol the m,8,"T Jiang, T Wang, KT Poon, W Gaer…",2022,… and Social Psychology …,journals.sagepub.com,https://journals.sagepub.com/doi/abs/10.1177/01461672221109664,"https://scholar.google.com/scholar?cites=14266791015216651651&as_sdt=2005&sciodt=0,5&hl=en",55,FALSE,NA,8,8,2,5,1,Whether and how self-concept clarity (SCC) affects self-control has not been sufficiently explored in empirical research. We proposed that low SCC inhibits self-control through a …,https://www.researchgate.net/profile/Tonglin-Jiang-2/publication/362138396_Low_Self-Concept_Clarity_Inhibits_Self-Control_The_Mediating_Effect_of_Global_Self-Continuity/links/64dee6ce1351f5785b70de87/Low-Self-Concept-Clarity-Inhibits-Self-Control-The-Mediating-Effect-of-Global-Self-Continuity.pdf,"https://scholar.google.com/scholar?q=related:gx258tbS_cUJ:scholar.google.com/&scioq=source:%22personality+and+social+psychology+bulletin%22&hl=en&as_sdt=0,5&as_ylo=2022&as_yhi=2022"
693,693,LATER VOLUME,10.1177/01461672221113670,Lifting Me Up or Tearing You Down? The Role of Prestige and Dominance in Benign Versus Malicious Envy,lifting me up or tearing you down the role of pres,0,"CR Hasty, SE Ainsworth, JL Martinez…",2022,… Psychology Bulletin,journals.sagepub.com,https://journals.sagepub.com/doi/abs/10.1177/01461672221113670,NA,153,FALSE,NA,0,0,0,4,1,Dominance and prestige are two strategies people use to regulate their social rank within group hierarchies. Despite a growing literature on dominance-and prestige-oriented …,https://diginole.lib.fsu.edu/islandora/object/fsu:770853/datastream/PDF/view,"https://scholar.google.com/scholar?q=related:o-O9N6KyDBAJ:scholar.google.com/&scioq=source:%22personality+and+social+psychology+bulletin%22&hl=en&as_sdt=0,5&as_ylo=2022&as_yhi=2022"
695,695,LATER VOLUME,10.1177/01461672221114222,Rumors in retweet: Ideological asymmetry in the failure to correct misinformation,rumors in retweet ideological asymmetry in the fai,5,"MR DeVerna, AM Guess, AJ Berinsky…",2022,… Psychology Bulletin,journals.sagepub.com,https://journals.sagepub.com/doi/abs/10.1177/01461672221114222,"https://scholar.google.com/scholar?cites=14179904903149372166&as_sdt=2005&sciodt=0,5&hl=en",26,FALSE,NA,5,5,1,4,1,We used supervised machine-learning techniques to examine ideological asymmetries in online rumor transmission. Although liberals were more likely than conservatives to …,https://www.matthewdeverna.com/docs/publications/2022_DeVerna_Rumors/2022_DeVerna_Rumors.pdf,"https://scholar.google.com/scholar?q=related:BsMJjWEkycQJ:scholar.google.com/&scioq=source:%22personality+and+social+psychology+bulletin%22&hl=en&as_sdt=0,5&as_ylo=2022&as_yhi=2022"
696,696,NOT IN PRINT,10.1177/01461672221115218,Lordosis in humans,lordosis in humans,5,"AY Semchenko, Z Senveli…",2022,… Psychology Bulletin,journals.sagepub.com,https://journals.sagepub.com/doi/abs/10.1177/01461672221115218,"https://scholar.google.com/scholar?cites=8103557379344256283&as_sdt=2005&sciodt=0,5&hl=en",16,FALSE,NA,5,5,2,3,1,"Despite progress in attractiveness research, we have yet to identify many fitness-relevant cues in the human phenotype or humans' psychology for responding to them. Here, we test …",https://labs.la.utexas.edu/buss/files/2022/12/Lordosis-in-Humans-2022.pdf,"https://scholar.google.com/scholar?q=related:G03PhICedXAJ:scholar.google.com/&scioq=source:%22personality+and+social+psychology+bulletin%22&hl=en&as_sdt=0,5&as_ylo=2022&as_yhi=2022"
697,697,LATER VOLUME,10.1177/01461672221115558,Social-judgment comparisons in daily life,socialjudgment comparisons in daily life,1,"S Thai, P Lockwood",2022,Personality and Social Psychology …,journals.sagepub.com,https://journals.sagepub.com/doi/abs/10.1177/01461672221115558,"https://scholar.google.com/scholar?cites=3582369170888766035&as_sdt=2005&sciodt=0,5&hl=en",95,FALSE,NA,1,1,1,2,1,"Comparison processes are critical to social judgments, yet little is known about how individuals compare people other than themselves in daily life (social-judgment …",https://www.researchgate.net/profile/Sabrina-Thai/publication/363232716_Social-Judgment_Comparisons_in_Daily_Life/links/6422fe1392cfd54f8435563f/Social-Judgment-Comparisons-in-Daily-Life.pdf,"https://scholar.google.com/scholar?q=related:U7Ii3cchtzEJ:scholar.google.com/&scioq=source:%22personality+and+social+psychology+bulletin%22&hl=en&as_sdt=0,5&as_ylo=2022&as_yhi=2022"
698,698,LATER VOLUME,10.1177/01461672221115941,Definitions of solitude in everyday life,definitions of solitude in everyday life,7,"N Weinstein, H Hansen…",2022,… Social Psychology Bulletin,journals.sagepub.com,https://journals.sagepub.com/doi/abs/10.1177/01461672221115941,"https://scholar.google.com/scholar?cites=12567780207352809156&as_sdt=2005&sciodt=0,5&hl=en",73,FALSE,NA,7,7,2,3,1,"What does it mean to be in solitude? Researchers building this nascent field are learning much about the potential affordances of solitude, but lack an agreed-upon definition or set of …",https://journals.sagepub.com/doi/pdf/10.1177/01461672221115941,"https://scholar.google.com/scholar?q=related:xAZz-oK5aa4J:scholar.google.com/&scioq=source:%22personality+and+social+psychology+bulletin%22&hl=en&as_sdt=0,5&as_ylo=2022&as_yhi=2022"
699,699,LATER VOLUME,10.1177/01461672221115943,High-Quality Contact With Fellow Majority Group Students Is Associated With Better Academic Performance of Minority Group Students,highquality contact with fellow majority group stu,2,"R Kahalon, N Shnabel, K Sharvit…",2022,… Psychology Bulletin,journals.sagepub.com,https://journals.sagepub.com/doi/abs/10.1177/01461672221115943,"https://scholar.google.com/scholar?cites=3335806375907278113&as_sdt=2005&sciodt=0,5&hl=en",54,FALSE,NA,2,2,1,4,1,We examined the association between intergroup contact and academic performance at university among minority students in a context with a segregated pre-university school …,https://journals.sagepub.com/doi/pdf/10.1177/01461672221115943,"https://scholar.google.com/scholar?q=related:Ib1vmzkqSy4J:scholar.google.com/&scioq=source:%22personality+and+social+psychology+bulletin%22&hl=en&as_sdt=0,5&as_ylo=2022&as_yhi=2022"
700,700,LATER VOLUME,10.1177/01461672221117690,Insecure attachment orientation in adults and children and negative attribution bias: A meta-analysis,insecure attachment orientation in adults and chil,3,"D Li, KB Carnelley, AC Rowe",2022,… Social Psychology Bulletin,journals.sagepub.com,https://journals.sagepub.com/doi/abs/10.1177/01461672221117690,"https://scholar.google.com/scholar?cites=11461830670732680574&as_sdt=2005&sciodt=0,5&hl=en",46,FALSE,NA,3,3,1,3,1,This is the first meta-analysis to synthesize the literature on insecure attachment and negative attribution bias (NAB) from both developmental and social/personality attachment …,https://www.researchgate.net/profile/Danyang_Li27/publication/362790238_Insecure_attachment_orientation_in_adults_and_children_and_negative_attribution_bias_A_meta-analysis/links/6331ccfc86b22d3db4e53823/Insecure-Attachment-Orientation-in-Adults-and-Children-and-Negative-Attribution-Bias-A-Meta-Analysis.pdf,"https://scholar.google.com/scholar?q=related:ft2yhESaEJ8J:scholar.google.com/&scioq=source:%22personality+and+social+psychology+bulletin%22&hl=en&as_sdt=0,5&as_ylo=2022&as_yhi=2022"
701,701,LATER VOLUME,10.1177/01461672221117691,“I think this news is accurate”: Endorsing accuracy decreases the sharing of fake news and increases the sharing of real news,i think this news is accurate endorsing accuracy d,13,"V Capraro, T Celadin",2022,Personality and Social Psychology …,journals.sagepub.com,https://journals.sagepub.com/doi/abs/10.1177/01461672221117691,"https://scholar.google.com/scholar?cites=498868652235121588&as_sdt=2005&sciodt=0,5&hl=en",5,FALSE,NA,13,13,7,2,1,"Accuracy prompts, nudges that make accuracy salient, typically decrease the sharing of fake news, while having little effect on real news. Here, we introduce a new accuracy prompt that …",https://journals.sagepub.com/doi/pdf/10.1177/01461672221117691,"https://scholar.google.com/scholar?q=related:tGMNZmVW7AYJ:scholar.google.com/&scioq=source:%22personality+and+social+psychology+bulletin%22&hl=en&as_sdt=0,5&as_ylo=2022&as_yhi=2022"
703,703,LATER VOLUME,10.1177/01461672221118187,Authentic for Thee But Not for Me: Perceived Authenticity in Self-Control Conflicts,authentic for thee but not for me perceived authen,1,"KE Garrison, GN Rivera, RJ Schlegel…",2022,… Psychology Bulletin,journals.sagepub.com,https://journals.sagepub.com/doi/abs/10.1177/01461672221118187,"https://scholar.google.com/scholar?cites=8207785796377843933&as_sdt=2005&sciodt=0,5&hl=en",130,FALSE,NA,1,1,0,4,1,"Is self-control authentic? Across several hypothetical scenarios, participants perceived impulsive actions as more authentic for others (Study 1a) but self-control as more authentic …",NA,"https://scholar.google.com/scholar?q=related:3RiZ8bHp53EJ:scholar.google.com/&scioq=source:%22personality+and+social+psychology+bulletin%22&hl=en&as_sdt=0,5&as_ylo=2022&as_yhi=2022"
704,704,NOT IN PRINT,10.1177/01461672221119356,I'm still spending: Financial contingency of self-worth predicts financial motivational conflict and compulsive buying,im still spending financial contingency of selfwor,1,"L Park, DE Ward, K Naragon-Gainey…",2022,… Psychology Bulletin,journals.sagepub.com,https://journals.sagepub.com/doi/abs/10.1177/01461672221119356,"https://scholar.google.com/scholar?cites=8218584882023834206&as_sdt=2005&sciodt=0,5&hl=en",75,FALSE,NA,1,1,0,4,1,"People with financially contingent self-worth (FCSW) base their self-esteem on money and feel pressured to achieve financial success. However, the present research suggests such …",https://ubwp.buffalo.edu/selfandmotivationlab/wp-content/uploads/sites/91/2022/11/Park-et-al.-2022-PSPB.pdf,"https://scholar.google.com/scholar?q=related:XiJtAWhHDnIJ:scholar.google.com/&scioq=source:%22personality+and+social+psychology+bulletin%22&hl=en&as_sdt=0,5&as_ylo=2022&as_yhi=2022"
705,705,NOT IN PRINT,10.1177/01461672221120493,Correlated Change Between Personality Traits and Perceived Social Support in Old Age,correlated change between personality traits and p,1,"GN Pfund, M Allemand",2022,Personality and Social Psychology …,journals.sagepub.com,https://journals.sagepub.com/doi/abs/10.1177/01461672221120493,"https://scholar.google.com/scholar?cites=9791778429770626399&as_sdt=2005&sciodt=0,5&hl=en",126,FALSE,NA,1,1,1,2,1,This study investigated correlated change between the Big Five personality traits and perceived social support in old age. Two data waves with an 8-year span from the …,https://drive.google.com/file/d/1n1gNU1_bgkG2szh9Emq1XqAXwI78YKg5/view,"https://scholar.google.com/scholar?q=related:X3XPUZpi44cJ:scholar.google.com/&scioq=source:%22personality+and+social+psychology+bulletin%22&hl=en&as_sdt=0,5&as_ylo=2022&as_yhi=2022"
706,706,LATER VOLUME,10.1177/01461672221120612,Examining beliefs about the benefits of self-affirmation for mitigating self-threat,examining beliefs about the benefits of selfaffirm,1,"SL Reeves, T Nguyen, AA Scholer…",2022,… Psychology Bulletin,journals.sagepub.com,https://journals.sagepub.com/doi/abs/10.1177/01461672221120612,"https://scholar.google.com/scholar?cites=10973949001219649394&as_sdt=2005&sciodt=0,5&hl=en",82,FALSE,NA,1,1,0,4,1,"Self-affirmation—reflecting on a source of global self-integrity outside of the threatened domain—can mitigate self-threat in education, health, relationships, and more. Whether …",https://u.osu.edu/fujita/files/2022/12/Reeves-et-al-in-press.pdf,"https://scholar.google.com/scholar?q=related:ci_zYHlMS5gJ:scholar.google.com/&scioq=source:%22personality+and+social+psychology+bulletin%22&hl=en&as_sdt=0,5&as_ylo=2022&as_yhi=2022"
707,707,LATER VOLUME,10.1177/01461672221120703,Self-Awareness and Stereotypes: Accurate Prediction of Implicit Gender Stereotyping,selfawareness and stereotypes accurate prediction ,3,"Z Rahmani Azad, A Goedderz…",2022,… and Social Psychology …,journals.sagepub.com,https://journals.sagepub.com/doi/abs/10.1177/01461672221120703,"https://scholar.google.com/scholar?cites=16319247629709624612&as_sdt=2005&sciodt=0,5&hl=en",36,FALSE,NA,3,3,1,3,1,Research showing that people can predict the patterns of their implicit evaluations toward social groups has raised questions concerning how widely these findings extend to other …,https://journals.sagepub.com/doi/pdf/10.1177/01461672221120703,"https://scholar.google.com/scholar?q=related:JEV6kkGdeeIJ:scholar.google.com/&scioq=source:%22personality+and+social+psychology+bulletin%22&hl=en&as_sdt=0,5&as_ylo=2022&as_yhi=2022"
708,708,LATER VOLUME,10.1177/01461672221121381,The Multiple-Matching Perspective on Value Versus Identity: Investigating How Political Ideology and Party Identity Contribute to Citizens' Support for Political …,the multiplematching perspective on value versus i,6,H Bai,2020,Personality and Social Psychology Bulletin,journals.sagepub.com,https://journals.sagepub.com/doi/abs/10.1177/01461672221121381,"https://scholar.google.com/scholar?cites=6119229440633495505&as_sdt=2005&sciodt=0,5&hl=en",106,FALSE,NA,6,2,6,1,3,"Past studies on how political value (ie, ideology) and identity (ie, party identity) predict support for candidates often fail to consider both the perspectives of citizens and candidates …",NA,"https://scholar.google.com/scholar?q=related:0V8SVMHe61QJ:scholar.google.com/&scioq=source:%22personality+and+social+psychology+bulletin%22&hl=en&as_sdt=0,5&as_ylo=2020&as_yhi=2020"
709,709,NOT IN PRINT,10.1177/01461672221121508,Growing together through our cultural differences: self-expansion in intercultural romantic relationships,growing together through our cultural differences ,5,"AL West, H Naeimi, AA Di Bartolomeo…",2022,… Psychology Bulletin,journals.sagepub.com,https://journals.sagepub.com/doi/abs/10.1177/01461672221121508,"https://scholar.google.com/scholar?cites=13629430506981290512&as_sdt=2005&sciodt=0,5&hl=en",19,FALSE,NA,5,5,1,4,1,"Intercultural romantic relationships are increasingly common and although the obstacles such couples face are well documented, the factors that facilitate their success are less …",https://www.amymuise.com/s/West-e-al-2022-self-expansion-intercultural.pdf,"https://scholar.google.com/scholar?q=related:EPJ9k9V2Jb0J:scholar.google.com/&scioq=source:%22personality+and+social+psychology+bulletin%22&hl=en&as_sdt=0,5&as_ylo=2022&as_yhi=2022"
710,710,LATER VOLUME,10.1177/01461672221122515,Feeling appreciated predicts prosocial motivation in avoidantly attached individuals,feeling appreciated predicts prosocial motivation ,2,"KM Schrage, BM Le, JE Stellar…",2022,… and Social Psychology …,journals.sagepub.com,https://journals.sagepub.com/doi/abs/10.1177/01461672221122515,"https://scholar.google.com/scholar?cites=1607160872181606875&as_sdt=2005&sciodt=0,5&hl=en",44,FALSE,NA,2,2,1,4,1,"Prosocial motivation is an important ingredient for satisfying relationships. However, individuals high in attachment avoidance—those who fear closeness and prefer …",https://journals.sagepub.com/doi/pdf/10.1177/01461672221122515,"https://scholar.google.com/scholar?q=related:26lKU0zITRYJ:scholar.google.com/&scioq=source:%22personality+and+social+psychology+bulletin%22&hl=en&as_sdt=0,5&as_ylo=2022&as_yhi=2022"
711,711,LATER VOLUME,10.1177/01461672221123776,Collectivism impairs team performance when relational goals conflict with group goals,collectivism impairs team performance when relatio,4,"X Qin, K Chi Yam, W Ye, J Zhang…",2022,… Psychology Bulletin,journals.sagepub.com,https://journals.sagepub.com/doi/abs/10.1177/01461672221123776,"https://scholar.google.com/scholar?cites=16624832957728196799&as_sdt=2005&sciodt=0,5&hl=en",56,FALSE,NA,4,4,1,5,1,This research challenges the idea that teams from more collectivistic cultures tend to perform better. We propose that in contexts in which there are tradeoffs between group goals (ie …,https://www.krishnasavani.com/wordpress/wp-content/uploads/2022/09/Qin_Savani_et_al_2022.pdf,"https://scholar.google.com/scholar?q=related:v4iYL35Ft-YJ:scholar.google.com/&scioq=source:%22personality+and+social+psychology+bulletin%22&hl=en&as_sdt=0,5&as_ylo=2022&as_yhi=2022"
712,712,NOT IN PRINT,10.1177/01461672221123859,Mechanisms Linking Attachment Orientation to Sleep Quality in Married Couples,mechanisms linking attachment orientation to sleep,3,"Y Xie, BN Chin, BC Feeney",2022,… and Social Psychology Bulletin,journals.sagepub.com,https://journals.sagepub.com/doi/abs/10.1177/01461672221123859,"https://scholar.google.com/scholar?cites=6936048983371197765&as_sdt=2005&sciodt=0,5&hl=en",115,FALSE,NA,3,3,1,3,1,"There is emerging evidence for links between relationship factors and sleep quality. Existing research linking attachment orientation to sleep quality has yielded inconsistent effects, has …",https://www.researchgate.net/profile/Yuxi-Xie-8/publication/363847804_Mechanisms_Linking_Attachment_Orientation_to_Sleep_Quality_in_Married_Couples/links/6357437112cbac6a3ef30ef1/Mechanisms-Linking-Attachment-Orientation-to-Sleep-Quality-in-Married-Couples.pdf,"https://scholar.google.com/scholar?q=related:Ra2MNs3LQWAJ:scholar.google.com/&scioq=source:%22personality+and+social+psychology+bulletin%22&hl=en&as_sdt=0,5&as_ylo=2022&as_yhi=2022"
713,713,NOT IN PRINT,10.1177/01461672221124674,"Three fish at one hook? Future-oriented, reconciliatory, and defensive claims for historical closure as expressions of the same defensive desire",three fish at one hook futureoriented reconciliato,3,"F Kazarovytska, R Imhoff",2022,… and Social Psychology Bulletin,journals.sagepub.com,https://journals.sagepub.com/doi/abs/10.1177/01461672221124674,"https://scholar.google.com/scholar?cites=18044446315615866462&as_sdt=2005&sciodt=0,5&hl=en",31,FALSE,NA,3,3,2,2,1,"Historical perpetrator groups seek to shield themselves from image threat by advocating for closing the discussion of their crimes. However, from a broader theoretical perspective, such …",https://psyarxiv.com/kt59b/download/?format=pdf,"https://scholar.google.com/scholar?q=related:Xs7jClLAavoJ:scholar.google.com/&scioq=source:%22personality+and+social+psychology+bulletin%22&hl=en&as_sdt=0,5&as_ylo=2022&as_yhi=2022"
714,714,NOT IN PRINT,10.1177/01461672221125599,A lower-class advantage in face memory,a lowerclass advantage in face memory,4,"P Dietze, S Olderbak, A Hildebrandt…",2022,… Psychology Bulletin,journals.sagepub.com,https://journals.sagepub.com/doi/abs/10.1177/01461672221125599,"https://scholar.google.com/scholar?cites=17137467954490174229&as_sdt=2005&sciodt=0,5&hl=en",22,FALSE,NA,4,4,1,4,1,People remember what they deem important. In line with research suggesting that lower-class (vs. higher class) individuals spontaneously appraise other people as more relevant …,https://journals.sagepub.com/doi/pdf/10.1177/01461672221125599,"https://scholar.google.com/scholar?q=related:FesGcU6E1O0J:scholar.google.com/&scioq=source:%22personality+and+social+psychology+bulletin%22&hl=en&as_sdt=0,5&as_ylo=2022&as_yhi=2022"
715,715,LATER VOLUME,10.1177/01461672221125619,The equality paradox: Gender equality intensifies male advantages in adolescent subjective well-being,the equality paradox gender equality intensifies m,6,"J Guo, G Basarkod, F Perales…",2022,… Psychology Bulletin,journals.sagepub.com,https://journals.sagepub.com/doi/abs/10.1177/01461672221125619,"https://scholar.google.com/scholar?cites=528637279180247631&as_sdt=2005&sciodt=0,5&hl=en",13,FALSE,NA,6,6,2,4,1,"Individuals' subjective well-being (SWB) is an important marker of development and social progress. As psychological health issues often begin during adolescence, understanding …",https://josephciarrochi.com/wp-content/uploads/2022/10/Guo-et-al.-2022-The-Equality-Paradox-Gender-Equality-Intensifies-40.pdf,"https://scholar.google.com/scholar?q=related:T1KR-M0YVgcJ:scholar.google.com/&scioq=source:%22personality+and+social+psychology+bulletin%22&hl=en&as_sdt=0,5&as_ylo=2022&as_yhi=2022"
717,717,NOT IN PRINT,10.1177/01461672221127799,A phenomenological divide: Reference group consequences for existential isolation,a phenomenological divide reference group conseque,1,"PJ Helm, T Jimenez, S Carter…",2022,… and Social Psychology …,journals.sagepub.com,https://journals.sagepub.com/doi/abs/10.1177/01461672221127799,"https://scholar.google.com/scholar?cites=17422164636908019811&as_sdt=2005&sciodt=0,5&hl=en",85,FALSE,NA,1,1,0,4,1,An apparent phenomenological divide between majority and minoritized groups exists in contemporary America in terms of feelings of social connection. Drawing on recent findings …,https://scholarworks.montana.edu/xmlui/bitstream/handle/1/17618/helm-isolation-2022.pdf?sequence=3&isAllowed=y,"https://scholar.google.com/scholar?q=related:Y2BGQW72x_EJ:scholar.google.com/&scioq=source:%22personality+and+social+psychology+bulletin%22&hl=en&as_sdt=0,5&as_ylo=2022&as_yhi=2022"
718,718,NOT IN PRINT,10.1177/01461672221127802,Connected or Cutoff? A 4-Year Longitudinal Study of the Links Between Adolescents' Compulsive Internet Use and Social Support,connected or cutoff a 4year longitudinal study of ,3,"JN Donald, J Ciarrochi, J Guo",2022,… Social Psychology Bulletin,journals.sagepub.com,https://journals.sagepub.com/doi/abs/10.1177/01461672221127802,"https://scholar.google.com/scholar?cites=16559594793989472168&as_sdt=2005&sciodt=0,5&hl=en",68,FALSE,NA,3,3,1,3,1,"As the online world plays an increasing role in young peoples' lives, research on compulsive internet use (CIU) is receiving growing attention. Given the social richness of the online …",https://josephciarrochi.com/wp-content/uploads/2022/12/Connected-or-Cutoff_-A-4-Year-Longitudinal-Study-of-the-Links-Between-Adolescents-Compulsive-Internet-Use-and-Social-Support.pdf,"https://scholar.google.com/scholar?q=related:qH8miLp_z-UJ:scholar.google.com/&scioq=source:%22personality+and+social+psychology+bulletin%22&hl=en&as_sdt=0,5&as_ylo=2022&as_yhi=2022"
720,720,NOT IN PRINT,10.1177/01461672221128114,More Than Meets the Eyes: Bringing Attention to the Eyes Increases First Impressions of Warmth and Competence,more than meets the eyes bringing attention to the,1,"MD Stosic, S Helwig, MA Ruben",2022,… Social Psychology Bulletin,journals.sagepub.com,https://journals.sagepub.com/doi/abs/10.1177/01461672221128114,"https://scholar.google.com/scholar?cites=221594862714637903&as_sdt=2005&sciodt=0,5&hl=en",119,FALSE,NA,1,1,0,3,1,The present research examined how face masks alter first impressions of warmth and competence for different racial groups. Participants were randomly assigned to view …,NA,"https://scholar.google.com/scholar?q=related:T04ohFpDEwMJ:scholar.google.com/&scioq=source:%22personality+and+social+psychology+bulletin%22&hl=en&as_sdt=0,5&as_ylo=2022&as_yhi=2022"
721,721,NOT IN PRINT,10.1177/01461672221129757,The two routes of collective psychological ownership: Rights and responsibilities explain intentions to exclude outsiders and engage in stewardship behavior,the two routes of collective psychological ownersh,9,"T Nijs, B Martinovic…",2022,… Social Psychology Bulletin,journals.sagepub.com,https://journals.sagepub.com/doi/abs/10.1177/01461672221129757,"https://scholar.google.com/scholar?cites=15265559913769924197&as_sdt=2005&sciodt=0,5&hl=en",21,FALSE,NA,9,9,3,3,1,"People can have a sense of collective ownership of a particular territory, such as “our” country,“our” neighborhood, and “our” park. Collective psychological ownership is argued to …",https://journals.sagepub.com/doi/pdf/10.1177/01461672221129757,"https://scholar.google.com/scholar?q=related:Zfayddwp2tMJ:scholar.google.com/&scioq=source:%22personality+and+social+psychology+bulletin%22&hl=en&as_sdt=0,5&as_ylo=2022&as_yhi=2022"
722,722,NOT IN PRINT,10.1177/01461672221130595,Is your accent right for the job? A meta-analysis on accent bias in hiring decisions,is your accent right for the job a metaanalysis on,5,"JL Spence, MJ Hornsey…",2022,… Psychology Bulletin,journals.sagepub.com,https://journals.sagepub.com/doi/abs/10.1177/01461672221130595,"https://scholar.google.com/scholar?cites=3766302245587628684&as_sdt=2005&sciodt=0,5&hl=en",32,FALSE,NA,5,5,2,3,1,Standard-accented job candidates are perceived as more hireable than non-standard-accented candidates. Two broad perspectives have emerged as to what drives this effect:(a) …,NA,"https://scholar.google.com/scholar?q=related:jLIBCfCXRDQJ:scholar.google.com/&scioq=source:%22personality+and+social+psychology+bulletin%22&hl=en&as_sdt=0,5&as_ylo=2022&as_yhi=2022"
723,723,NOT IN PRINT,10.1177/01461672221131378,Deviancy Aversion and Social Norms,deviancy aversion and social norms,0,"A Gollwitzer, C Martel, A Heinecke…",2022,… and Social Psychology …,journals.sagepub.com,https://journals.sagepub.com/doi/abs/10.1177/01461672221131378,NA,124,FALSE,NA,0,0,0,4,1,We propose that deviancy aversion—people's domain-general discomfort toward the distortion of patterns (repeated forms or models)—contributes to the strength and prevalence …,https://journals.sagepub.com/doi/pdf/10.1177/01461672221131378,"https://scholar.google.com/scholar?q=related:CMjxL-JImfgJ:scholar.google.com/&scioq=source:%22personality+and+social+psychology+bulletin%22&hl=en&as_sdt=0,5&as_ylo=2022&as_yhi=2022"
724,724,NOT IN PRINT,10.1177/01461672221133693,"Psychometric evaluation of single-item relationship satisfaction, love, conflict, and commitment measures",psychometric evaluation of singleitem relationship,3,"S Niehuis, K Davis, A Reifman…",2022,… Psychology Bulletin,journals.sagepub.com,https://journals.sagepub.com/doi/abs/10.1177/01461672221133693,"https://scholar.google.com/scholar?cites=7239636243653094820&as_sdt=2005&sciodt=0,5&hl=en",87,FALSE,NA,3,3,1,4,1,"Issues in applied survey research, including minimizing respondent burden and ensuring measures' brevity for smartphone administration, have intensified efforts to create short …",NA,"https://scholar.google.com/scholar?q=related:pG38bc5aeGQJ:scholar.google.com/&scioq=source:%22personality+and+social+psychology+bulletin%22&hl=en&as_sdt=0,5&as_ylo=2022&as_yhi=2022"
725,725,NOT IN PRINT,10.1177/01461672221135954,How much is enough? The relationship between prosocial effort and moral character judgments,how much is enough the relationship between prosoc,2,"Z Berry, BJ Lucas",2022,Personality and Social Psychology …,journals.sagepub.com,https://journals.sagepub.com/doi/abs/10.1177/01461672221135954,"https://scholar.google.com/scholar?cites=11624846117336671702&as_sdt=2005&sciodt=0,5&hl=en",81,FALSE,NA,2,2,1,2,1,The amount of effort required to bring about a prosocial outcome can vary from low—handing a stranger the wallet she just dropped—to high—spending days tracking down the …,https://www.brianjlucas.com/uploads/1/8/5/6/18565392/berry_lucas_2023_postprint.pdf,"https://scholar.google.com/scholar?q=related:1mVu4PO_U6EJ:scholar.google.com/&scioq=source:%22personality+and+social+psychology+bulletin%22&hl=en&as_sdt=0,5&as_ylo=2022&as_yhi=2022"
726,726,NOT IN PRINT,10.1177/01461672221135955,The Role of Accurate Self-Assessments in Optimizing Mate Choice,the role of accurate selfassessments in optimizing,2,"KT Harper, F Stanley, MJ Sidari…",2021,… Psychology Bulletin,journals.sagepub.com,https://journals.sagepub.com/doi/abs/10.1177/01461672221135955,"https://scholar.google.com/scholar?cites=15131741821457201083&as_sdt=2005&sciodt=0,5&hl=en",110,FALSE,NA,2,1,1,4,2,Individuals are thought to seek the best possible romantic partner in exchange for their own desirability. We investigated whether individuals' self-evaluations were related to their …,https://psyarxiv.com/4qmuv/download?format=pdf,"https://scholar.google.com/scholar?q=related:u_fg5AO__tEJ:scholar.google.com/&scioq=source:%22personality+and+social+psychology+bulletin%22&hl=en&as_sdt=0,5&as_ylo=2021&as_yhi=2021"
727,727,NOT IN PRINT,10.1177/01461672221135956,Does religious priming induce greater prejudice? A meta-analytic review,does religious priming induce greater prejudice a ,2,"A Snell, M Zuckerman, BM Le",2022,… Social Psychology Bulletin,journals.sagepub.com,https://journals.sagepub.com/doi/abs/10.1177/01461672221135956,"https://scholar.google.com/scholar?cites=10341824892126961036&as_sdt=2005&sciodt=0,5&hl=en",69,FALSE,NA,2,2,1,3,1,"The current meta-analysis addressed whether theistic religious beliefs are causally related to greater prejudice by analyzing 44 studies (N total= 11,330) that used experimental …",https://labsites.rochester.edu/lelab/wp-content/uploads/2022/12/Snell-Zuckerman-Le-2022-Does-religious-priming-induce-greater-prejudice-A-meta-analytic-review.pdf,"https://scholar.google.com/scholar?q=related:jB2FMPKKhY8J:scholar.google.com/&scioq=source:%22personality+and+social+psychology+bulletin%22&hl=en&as_sdt=0,5&as_ylo=2022&as_yhi=2022"
728,728,NOT IN PRINT,10.1177/01461672221137201,What Underlies the Opposition to Trans-Inclusive Policies? The Role of Concerns About Male Violence Versus Attitudes Toward Trans People,what underlies the opposition to transinclusive po,1,"T Morgenroth, JR Axt…",2022,… and Social Psychology …,journals.sagepub.com,https://journals.sagepub.com/doi/abs/10.1177/01461672221137201,"https://scholar.google.com/scholar?cites=11685897665171083892&as_sdt=2005&sciodt=0,5&hl=en",76,FALSE,NA,1,1,0,3,1,"Transgender women's access to women-only spaces is controversial. Arguments against trans-inclusive policies often focus on cisgender women's safety from male violence, despite …",https://www.miclab.ca/s/what-underlies-opposition-to-transinclusive-policies.pdf,"https://scholar.google.com/scholar?q=related:dNIWDgOmLKIJ:scholar.google.com/&scioq=source:%22personality+and+social+psychology+bulletin%22&hl=en&as_sdt=0,5&as_ylo=2022&as_yhi=2022"
729,729,NOT IN PRINT,10.1177/01461672221139071,"Beliefs That White People Are Poor, Above and Beyond Beliefs That Black People Are Poor, Predict White (But Not Black) Americans' Attitudes Toward Welfare …",beliefs that white people are poor above and beyon,0,"E Cooley, JL Brown-Iannuzzi, RF Lei…",2022,… Psychology Bulletin,journals.sagepub.com,https://journals.sagepub.com/doi/abs/10.1177/01461672221139071,NA,128,FALSE,NA,0,0,0,4,1,"In past work, White Americans' beliefs about Black poverty have predicted lower perceived work ethic of the poor, and, thus, less welfare support. In this article, we examine whether …",NA,"https://scholar.google.com/scholar?q=related:pyjHVe5_8cwJ:scholar.google.com/&scioq=source:%22personality+and+social+psychology+bulletin%22&hl=en&as_sdt=0,5&as_ylo=2022&as_yhi=2022"
730,730,NOT IN PRINT,10.1177/01461672221139072,From individual anxiety to collective narcissism? Adult attachment styles and different types of national commitment,from individual anxiety to collective narcissism a,8,"M Marchlewska, P Górska, R Green…",2022,… Psychology Bulletin,journals.sagepub.com,https://journals.sagepub.com/doi/abs/10.1177/01461672221139072,"https://scholar.google.com/scholar?cites=885602166544221109&as_sdt=2005&sciodt=0,5&hl=en",39,FALSE,NA,8,8,2,4,1,"National narcissism and national identification, two distinct types of national commitment, differ in terms of their psychological concomitants. Therefore, in the current article, we …",NA,"https://scholar.google.com/scholar?q=related:tUMvdXpKSgwJ:scholar.google.com/&scioq=source:%22personality+and+social+psychology+bulletin%22&hl=en&as_sdt=0,5&as_ylo=2022&as_yhi=2022"
731,731,NOT IN PRINT,10.1177/01461672221139083,Home is Where the Heart is: Implications of Dyadic Acculturation for Migrant Couples' Personal and Relational Well-Being,home is where the heart is implications of dyadic ,0,"Q Sun, N Geeraert…",2022,… Social Psychology Bulletin,journals.sagepub.com,https://journals.sagepub.com/doi/abs/10.1177/01461672221139083,NA,120,FALSE,NA,0,0,0,3,1,"Acculturation—the process through which people adopt the sociocultural values of their heritage and settlement cultures—is a complex experience, particularly within family …",https://repository.essex.ac.uk/33901/1/221022msPSPB.pdf,"https://scholar.google.com/scholar?q=related:aA4WVw8epugJ:scholar.google.com/&scioq=source:%22personality+and+social+psychology+bulletin%22&hl=en&as_sdt=0,5&as_ylo=2022&as_yhi=2022"
732,732,NOT IN PRINT,10.1177/01461672221139086,Stigma toward consensual non-monogamy: Thematic analysis and minority stress,stigma toward consensual nonmonogamy thematic anal,5,"EA Mahar, LH Irving, A Derovanesian…",2022,… Psychology Bulletin,journals.sagepub.com,https://journals.sagepub.com/doi/abs/10.1177/01461672221139086,"https://scholar.google.com/scholar?cites=15269873567318712434&as_sdt=2005&sciodt=0,5&hl=en",42,FALSE,NA,5,5,1,4,1,"Consensually non-monogamous (CNM) romantic and sexual relationships tend to be stigmatized. The present research examined this stigma across two studies. First, we …",NA,"https://scholar.google.com/scholar?q=related:cqAoMRt96dMJ:scholar.google.com/&scioq=source:%22personality+and+social+psychology+bulletin%22&hl=en&as_sdt=0,5&as_ylo=2022&as_yhi=2022"
733,733,NOT IN PRINT,10.1177/01461672221140269,Similarity among friends serves as a social prior: the assumption that “birds of a feather flock together” shapes social decisions and relationship beliefs,similarity among friends serves as a social prior ,4,"ME Schwyck, M Du, Y Li, LJ Chang…",2022,… Psychology Bulletin,journals.sagepub.com,https://journals.sagepub.com/doi/abs/10.1177/01461672221140269,"https://scholar.google.com/scholar?cites=10577951502233391347&as_sdt=2005&sciodt=0,5&hl=en",104,FALSE,NA,4,4,1,5,1,Social interactions unfold within networks of relationships. How do beliefs about others' social ties shape—and how are they shaped by—expectations about how others will …,https://journals.sagepub.com/doi/pdf/10.1177/01461672221140269,"https://scholar.google.com/scholar?q=related:81DuzdhuzJIJ:scholar.google.com/&scioq=source:%22personality+and+social+psychology+bulletin%22&hl=en&as_sdt=0,5&as_ylo=2022&as_yhi=2022"
734,734,NOT IN PRINT,10.1177/01461672221140355,Greed: What Is It Good for?,greed what is it good for,3,"K Hoyer, M Zeelenberg…",2022,… and Social Psychology …,journals.sagepub.com,https://journals.sagepub.com/doi/abs/10.1177/01461672221140355,"https://scholar.google.com/scholar?cites=16355531991087633982&as_sdt=2005&sciodt=0,5&hl=en",47,FALSE,NA,3,3,1,3,1,"What is greed good for? Greed is ubiquitous, suggesting that it must have some benefits, but it is also often condemned. In a representative sample of the Dutch population (N= 2,367 …",https://journals.sagepub.com/doi/pdf/10.1177/01461672221140355,"https://scholar.google.com/scholar?q=related:PtZQybCF-uIJ:scholar.google.com/&scioq=source:%22personality+and+social+psychology+bulletin%22&hl=en&as_sdt=0,5&as_ylo=2022&as_yhi=2022"
735,735,NOT IN PRINT,10.1177/01461672221141509,It's (a) Shame: Why Poverty Leads to Support for Authoritarianism,its a shame why poverty leads to support for autho,2,"J Neerdaels, C Tröster…",2022,… and Social Psychology …,journals.sagepub.com,https://journals.sagepub.com/doi/abs/10.1177/01461672221141509,"https://scholar.google.com/scholar?cites=13800052223821626102&as_sdt=2005&sciodt=0,5&hl=en",127,FALSE,NA,2,2,1,3,1,"The literature has widely discussed and supported the relationship between poverty and support for authoritarian leaders and regimes. However, there are different claims about the …",https://www.researchgate.net/profile/Jasper-Neerdaels/publication/366644029_It's_a_Shame_Why_Poverty_Leads_to_Support_for_Authoritarianism/links/63b47633a03100368a4e0cab/Its-a-Shame-Why-Poverty-Leads-to-Support-for-Authoritarianism.pdf,"https://scholar.google.com/scholar?q=related:9jq6umGig78J:scholar.google.com/&scioq=source:%22personality+and+social+psychology+bulletin%22&hl=en&as_sdt=0,5&as_ylo=2022&as_yhi=2022"
736,736,NOT IN PRINT,10.1177/01461672221142181,The Spontaneous Counterfactual Inference Task: Misremembering What Might Have Been,the spontaneous counterfactual inference task misr,0,"R Smallman, A Summerville…",2022,… and Social Psychology …,journals.sagepub.com,https://journals.sagepub.com/doi/abs/10.1177/01461672221142181,NA,133,FALSE,NA,0,0,0,3,1,"Counterfactuals, thoughts about “what might have been,” play an important role in causal judgment, emotion, and motivation, and spontaneously arise during daily life. However …",NA,"https://scholar.google.com/scholar?q=related:eLCqqqpTkjsJ:scholar.google.com/&scioq=source:%22personality+and+social+psychology+bulletin%22&hl=en&as_sdt=0,5&as_ylo=2022&as_yhi=2022"
737,737,NOT IN PRINT,10.1177/01461672221143756,Looking the Part: Stereotypicality in Appearance Among White Professionals Predicts Leadership Attainment and Perceived Leadership Suitability,looking the part stereotypicality in appearance am,1,"MJ Williams, JB Wade, T Nwadei…",2022,… Psychology Bulletin,journals.sagepub.com,https://journals.sagepub.com/doi/abs/10.1177/01461672221143756,"https://scholar.google.com/scholar?cites=7653277245231481075&as_sdt=2005&sciodt=0,5&hl=en",70,FALSE,NA,1,1,0,4,1,"This project explores the effects of racial phenotypic stereotypicality, or the degree to which a person's appearance is perceived as typical of their racial group, on leadership outcomes …",NA,"https://scholar.google.com/scholar?q=related:80CaERvnNWoJ:scholar.google.com/&scioq=source:%22personality+and+social+psychology+bulletin%22&hl=en&as_sdt=0,5&as_ylo=2022&as_yhi=2022"
738,738,2023,10.1177/01461672221143839,"Is men's heterosexuality perceived as more precarious than women's? An intersectional, race-by-gender analysis",is mens heterosexuality perceived as more precario,2,"CD Petsko, S Vogler",2021,Personality and Social Psychology …,journals.sagepub.com,https://journals.sagepub.com/doi/abs/10.1177/01461672221143839,"https://scholar.google.com/scholar?cites=17232525214639076976&as_sdt=2005&sciodt=0,5&hl=en",101,FALSE,NA,2,1,1,2,2,"People perceive men's masculinity to be more precarious, or easier to lose, than women's femininity. In the present article, we investigated (a) whether men's heterosexuality is …",https://www.christopherpetsko.com/uploads/1/2/5/8/125868532/petsko___vogler_2023.pdf,"https://scholar.google.com/scholar?q=related:cDaGgWE6Ju8J:scholar.google.com/&scioq=source:%22personality+and+social+psychology+bulletin%22&hl=en&as_sdt=0,5&as_ylo=2021&as_yhi=2021"
739,739,2023,10.1177/01461672221150229,A Comparative Investigation of the Predictive Validity of Four Indirect Measures of Bias and Prejudice,a comparative investigation of the predictive vali,0,"J Axt, N Buttrick, RY Feng",2022,… and Social Psychology Bulletin,journals.sagepub.com,https://journals.sagepub.com/doi/abs/10.1177/01461672221150229,NA,121,FALSE,NA,0,0,0,3,1,"Although measures of implicit associations are influential in the prejudice literature, comparative tests of the predictive power of these measures are lacking. A large-scale (N> …",https://journals.sagepub.com/doi/pdf/10.1177/01461672221150229,"https://scholar.google.com/scholar?q=related:78uJ7ayU-eEJ:scholar.google.com/&scioq=source:%22personality+and+social+psychology+bulletin%22&hl=en&as_sdt=0,5&as_ylo=2022&as_yhi=2022"
740,740,2023,10.1177/01461672231153680,Difficulty-as-improvement: The courage to keep going in the face of life's difficulties,difficultyasimprovement the courage to keep going ,3,"VX Yan, D Oyserman, G Kiper…",2021,… and Social Psychology …,journals.sagepub.com,https://journals.sagepub.com/doi/abs/10.1177/01461672231153680,"https://scholar.google.com/scholar?cites=8381575805535958427&as_sdt=2005&sciodt=0,5&hl=en",83,FALSE,NA,3,1.5,1,4,2,"When a task or goal is hard to think about or do, people can infer that it is a waste of their time (difficulty-as-impossibility) or valuable to them (difficulty-as-importance). Separate from …",https://dornsife.usc.edu/assets/sites/782/docs/Difficulty_as_improvement_The_courage_to_keep_going_Yan_Oyserman_et_al_PSPB_2023.pdf,"https://scholar.google.com/scholar?q=related:m7X6oslWUXQJ:scholar.google.com/&scioq=source:%22personality+and+social+psychology+bulletin%22&hl=en&as_sdt=0,5&as_ylo=2021&as_yhi=2021"
741,741,2023,10.1177/01461672231169105,Psychopathic Traits and Utilitarian Moral Judgment Revisited,psychopathic traits and utilitarian moral judgment,1,"M Paruzel-Czachura, Z Farny",2022,… Social Psychology Bulletin,journals.sagepub.com,https://journals.sagepub.com/doi/abs/10.1177/01461672231169105,"https://scholar.google.com/scholar?cites=12529550965840378100&as_sdt=2005&sciodt=0,5&hl=en",159,FALSE,NA,1,1,1,2,1,"To provide deeper insights into the relationships between psychopathic traits and utilitarian moral judgment, we studied N= 702 adults using three psychopathy scales:(a) the …",https://psyarxiv.com/wzfd9/download?format=pdf,"https://scholar.google.com/scholar?q=related:9HgREjjo4a0J:scholar.google.com/&scioq=source:%22personality+and+social+psychology+bulletin%22&hl=en&as_sdt=0,5&as_ylo=2022&as_yhi=2022"
742,742,2023,10.1177/01461672231185639,The “partial innocence” effect: False guilty pleas to partially unethical behaviors,the partial innocence effect false guilty pleas to,1,"SA Cardenas, PY Sanchez…",2022,… and Social Psychology …,journals.sagepub.com,https://journals.sagepub.com/doi/abs/10.1177/01461672231185639,"https://scholar.google.com/scholar?cites=6979421619550374536&as_sdt=2005&sciodt=0,5&hl=en",135,FALSE,NA,1,1,0,3,1,"Although research has focused on the “innocence problem,”“partial innocence” may also plague individuals who plead guilty to crimes they did not commit, but that are either …",https://psyarxiv.com/nr5bv/download?format=pdf,"https://scholar.google.com/scholar?q=related:iEr7Avzi22AJ:scholar.google.com/&scioq=source:%22personality+and+social+psychology+bulletin%22&hl=en&as_sdt=0,5&as_ylo=2022&as_yhi=2022"
743,743,2023,10.1177/01461672231191360,"The best-case heuristic: Relative optimism in relationships, politics, and a global health pandemic",the bestcase heuristic relative optimism in relati,2,"H Sjåstad, J Van Bavel",2020,Personality and Social Psychology …,journals.sagepub.com,https://journals.sagepub.com/doi/abs/10.1177/01461672231191360,"https://scholar.google.com/scholar?cites=13915289869169514772&as_sdt=2005&sciodt=0,5&hl=en",115,FALSE,NA,2,0.67,1,2,3,"In four experiments covering three different life domains, participants made future predictions in what they considered the most realistic scenario, an optimistic best-case …",https://psyarxiv.com/pcj4f/download?format=pdf,"https://scholar.google.com/scholar?q=related:FNlw3mgKHcEJ:scholar.google.com/&scioq=source:%22personality+and+social+psychology+bulletin%22&hl=en&as_sdt=0,5&as_ylo=2020&as_yhi=2020"
744,744,OLD,MISSING_DOI_abdelal rherrera ymjohnston aimcdermott r2009a int,"Abdelal, R./Herrera, YM/Johnston, AI/McDermott, R.(2009a): Introduction. In: Abdelal, R./Herrera, YM/Johnston, AI/McDermott, R.(Hrsg.): Measuring …",abdelal rherrera ymjohnston aimcdermott r2009a int,0,"A Ahrens, B Schwotzer, HJ Weiß, M Konzeption",2022,Personality and Social Psychology Bulletin,NA,NA,NA,171,TRUE,NA,0,0,0,4,#NAME?,NA,NA,"https://scholar.google.com/scholar?q=related:GK_iiP6RM78J:scholar.google.com/&scioq=source:%22personality+and+social+psychology+bulletin%22&hl=en&as_sdt=0,5&as_ylo=2022&as_yhi=2022"
746,746,LATER VOLUME,MISSING_DOI_are you listening to me the negative link between ,"Are You Listening to Me? The Negative Link Between Extraversion and Perceived Listening (Mar, 01461672211072815, 2022)",are you listening to me the negative link between ,0,"S Pery, A Kluger, T Malloy",2022,… AND SOCIAL …,SAGE PUBLICATIONS INC 2455 …,NA,NA,170,TRUE,NA,0,0,0,3,1,NA,NA,"https://scholar.google.com/scholar?q=related:SzkAsWbjRFgJ:scholar.google.com/&scioq=source:%22personality+and+social+psychology+bulletin%22&hl=en&as_sdt=0,5&as_ylo=2022&as_yhi=2022"
747,747,INCLUDED- diff title,MISSING_DOI_big five traits and inclusive generalized prejudic,Big Five traits and inclusive generalized prejudice,big five traits and inclusive generalized prejudic,6,"J Crawford, MJ Brandt",2018,Personality and Social Psychology Bulletin,files.osf.io,https://files.osf.io/v1/resources/6vqwk/providers/osfstorage/5a78610a9f6c6e000f972fe6?version=2&displayName=Big+5+ICH-2018-06-30T16:10:26.196Z.pdf&action=download&direct,"https://scholar.google.com/scholar?cites=2752659464664237012&as_sdt=2005&sciodt=0,5&hl=en",114,TRUE,NA,6,1.2,3,2,5,"Meta-analyses show that low levels of Openness and Agreeableness correlate with generalized prejudice. However, previous studies used restricted operationalizations of …",https://files.osf.io/v1/resources/6vqwk/providers/osfstorage/5a78610a9f6c6e000f972fe6?version=2&displayName=Big+5+ICH-2018-06-30T16:10:26.196Z.pdf&action=download&direct,"https://scholar.google.com/scholar?q=related:1MPt6jJpMyYJ:scholar.google.com/&scioq=source:%22personality+and+social+psychology+bulletin%22&hl=en&as_sdt=0,5&as_ylo=2018&as_yhi=2018"
748,748,RETRACTION NOTICE,MISSING_DOI_cardiovascular and selfregulatory consequences of ,"Cardiovascular and Self-Regulatory Consequences of SES-Based Social Identity Threat (Retraction of Vol 45, Pg 700, 2019)",cardiovascular and selfregulatory consequences of ,0,"AJ Flores, TA Chavez, N Bolger, BJ Casad",2021,NA,SAGE PUBLICATIONS INC 2455 …,NA,NA,117,TRUE,NA,0,0,0,4,2,NA,NA,"https://scholar.google.com/scholar?q=related:XdMD2G81ty8J:scholar.google.com/&scioq=source:%22personality+and+social+psychology+bulletin%22&hl=en&as_sdt=0,5&as_ylo=2021&as_yhi=2021"
749,749,INCLUDED- diff title,MISSING_DOI_cg 2017 society for personality and social psychol,"cG 2017 Society for Personality and Social Psychology, Inc",cg 2017 society for personality and social psychol,0,"F Mathmann, ET Higgins, M Chylinski, ...",2017,… Social Psychology Bulletin,core.ac.uk,https://core.ac.uk/download/pdf/89301111.pdf,NA,125,TRUE,NA,0,0,0,4,#NAME?,"This research shows that the strength of assessment orientation, defined as the “aspect of self-regulation concerned with critically evaluating entities or states”(Kruglanski et al., 2000 …",https://core.ac.uk/download/pdf/89301111.pdf,"https://scholar.google.com/scholar?q=related:u0WYyHWJIKEJ:scholar.google.com/&scioq=source:%22personality+and+social+psychology+bulletin%22&hl=en&as_sdt=0,5&as_ylo=2017&as_yhi=2017"
750,750,NOT PSPB,MISSING_DOI_comportamiento del cliente heurísticos y sesgos co,Comportamiento del Cliente: Heurísticos y sesgos cognitivos de los,comportamiento del cliente heurísticos y sesgos co,1,JC González,2017,Personality and Social Psychology Bulletin,zaguan.unizar.es,https://zaguan.unizar.es/record/64888,"https://scholar.google.com/scholar?cites=1512166306135663216&as_sdt=2005&sciodt=0,5&hl=en",127,TRUE,NA,1,0.17,1,1,6,Este es un recorrido por el lado inconsciente del consumidor. Una exploración de los procesos mentales que nos llevan a comportarnos como nos comportamos. Y en la …,https://zaguan.unizar.es/record/64888/files/TAZ-TFG-2017-3917.pdf,"https://scholar.google.com/scholar?q=related:cOKHXj5L_BQJ:scholar.google.com/&scioq=source:%22personality+and+social+psychology+bulletin%22&hl=en&as_sdt=0,5&as_ylo=2017&as_yhi=2017"
751,751,NOT PSPB,MISSING_DOI_development of childrens selfesteem at the,Development of Children's Self-Esteem at the,development of childrens selfesteem at the,0,"M Oie, T Fujii",2019,Personality and Social Psychology Bulletin,scholar.archive.org,https://scholar.archive.org/work/m2hrnanlcjcbvn4thcm76e766a/access/wayback/http://hermes-ir.lib.hit-u.ac.jp/rs/bitstream/10086/28455/4/jinbun0001100200.pdf,NA,122,TRUE,NA,0,0,0,2,#NAME?,"Self-esteem is a fundamental part of a child's psychological function. Teacher approval, peer approval, and physical appearance have been identified as important sources of children's …",https://scholar.archive.org/work/m2hrnanlcjcbvn4thcm76e766a/access/wayback/http://hermes-ir.lib.hit-u.ac.jp/rs/bitstream/10086/28455/4/jinbun0001100200.pdf,"https://scholar.google.com/scholar?q=related:Re2FOfS88DIJ:scholar.google.com/&scioq=source:%22personality+and+social+psychology+bulletin%22&hl=en&as_sdt=0,5&as_ylo=2019&as_yhi=2019"
752,752,INCLUDED,MISSING_DOI_exposure to multiracial faces decreases colorblind,Exposure to multiracial faces decreases colorblind attitudes,exposure to multiracial faces decreases colorblind,2,"SE Gaither, N Toosi, LG Babbitt, SR Sommers",2018,Personality and Social Psychology …,NA,NA,"https://scholar.google.com/scholar?cites=6002443863988339221&as_sdt=2005&sciodt=0,5&hl=en",119,TRUE,NA,2,0.4,1,4,5,NA,NA,"https://scholar.google.com/scholar?q=related:FYI_WeT2TFMJ:scholar.google.com/&scioq=source:%22personality+and+social+psychology+bulletin%22&hl=en&as_sdt=0,5&as_ylo=2018&as_yhi=2018"
753,753,NOT ARTICLE,MISSING_DOI_faces can look more trustworthy but not more compe,"Faces Can Look More Trustworthy, But Not More Competent",faces can look more trustworthy but not more compe,2,J Wood,2018,Personality and Social Psychology Bulletin,NA,NA,"https://scholar.google.com/scholar?cites=14525798834813395475&as_sdt=2005&sciodt=0,5&hl=en",117,TRUE,NA,2,0.4,2,1,5,NA,NA,"https://scholar.google.com/scholar?q=related:E-LVSxQBlskJ:scholar.google.com/&scioq=source:%22personality+and+social+psychology+bulletin%22&hl=en&as_sdt=0,5&as_ylo=2018&as_yhi=2018"
754,754,NOT PSPB,MISSING_DOI_fen lisesi öğrencilerinin sosyoekonomik arkaplanı ,"Fen lisesi öğrencilerinin sosyoekonomik arkaplanı ve yükseköğretime geçişteki tercihleri. Yükseköğretim Dergisi, 10 (3), 356–370",fen lisesi öğrencilerinin sosyoekonomik arkaplanı ,5,"HE Suna, BS Gür, S Gelbal, M Özer",2020,Personality and Social Psychology Bulletin,NA,NA,"https://scholar.google.com/scholar?cites=12152887441984699777&as_sdt=2005&sciodt=0,5&hl=en",121,TRUE,NA,5,1.67,1,4,3,NA,NA,"https://scholar.google.com/scholar?q=related:gb3NXr26p6gJ:scholar.google.com/&scioq=source:%22personality+and+social+psychology+bulletin%22&hl=en&as_sdt=0,5&as_ylo=2020&as_yhi=2020"
755,755,INCLUDED- wrong author,MISSING_DOI_lockdown lives interrelationships amongst feelings,"Lockdown Lives: Inter-relationships amongst feelings of loneliness, social contacts and solidarity during the COVID-19 lockdown.",lockdown lives interrelationships amongst feelings,0,J Belanger,2021,Personality and Social Psychology Bulletin,nyuscholars.nyu.edu,https://nyuscholars.nyu.edu/en/publications/lockdown-lives-inter-relationships-amongst-feelings-of-loneliness,NA,116,TRUE,NA,0,0,0,1,2,"Lockdown Lives: Inter-relationships amongst feelings of loneliness, social contacts and solidarity during the COVID-19 lockdown. — NYU Scholars Skip to main navigation Skip to …",NA,"https://scholar.google.com/scholar?q=related:Efj18cJcOTQJ:scholar.google.com/&scioq=source:%22personality+and+social+psychology+bulletin%22&hl=en&as_sdt=0,5&as_ylo=2021&as_yhi=2021"
756,756,RETRACTED,MISSING_DOI_making diversity work for everybody the doubleedge,Making diversity work for everybody? The double-edged sword of all-inclusive diversity,making diversity work for everybody the doubleedge,4,"PA Small, B Major, C Kaiser",2022,Personality and Social Psychology …,researchgate.net,https://www.researchgate.net/profile/Payton-Small/publication/353251842_Diversity_Initiatives_and_White_Americans'_Perceptions_of_Racial_Victimhood/links/6169b357b90c5126624659ba/Diversity-Initiatives-and-White-Americans-Perceptions-of-Racial-Victimhood.pdf,"https://scholar.google.com/scholar?cites=11833840471101162202&as_sdt=2005&sciodt=0,5&hl=en",81,TRUE,NA,4,2,1,3,2,"Three experiments investigated how framing diversity as all-inclusive affects recognition of racial injustice. Among Whites, viewing a company mission statement that specifically …",https://www.researchgate.net/profile/Payton-Small/publication/353251842_Diversity_Initiatives_and_White_Americans'_Perceptions_of_Racial_Victimhood/links/6169b357b90c5126624659ba/Diversity-Initiatives-and-White-Americans-Perceptions-of-Racial-Victimhood.pdf,"https://scholar.google.com/scholar?q=related:2kKgyDU_OqQJ:scholar.google.com/&scioq=source:%22personality+and+social+psychology+bulletin%22&hl=en&as_sdt=0,5&as_ylo=2021&as_yhi=2021"
757,757,NOT ARTICLE,MISSING_DOI_mark r leary,Mark R. Leary,mark r leary,0,"SCL BA, PB Kappa",2020,Personality and Social Psychology Bulletin,sites.duke.edu,https://sites.duke.edu/leary/files/2021/06/Vita2021.pdf,NA,120,TRUE,NA,0,0,0,2,3,"Leary, MR, Tipsord, J., &Tate, EB (2008). Allo-inclusive identity: Incorporating the natural and social worlds into one's sense of self. In H. Wayment &J. Bauer (Eds.), Transcending …",https://sites.duke.edu/leary/files/2021/06/Vita2021.pdf,"https://scholar.google.com/scholar?q=related:AppwbY46zqIJ:scholar.google.com/&scioq=source:%22personality+and+social+psychology+bulletin%22&hl=en&as_sdt=0,5&as_ylo=2020&as_yhi=2020"
758,758,INCLUDED,MISSING_DOI_metaanalytic evaluation of iat and selfreport meas,Meta-analytic evaluation of IAT and self-report measures in testing balanced identity theory,metaanalytic evaluation of iat and selfreport meas,2,D Cvencek,2020,Personality and Social Psychology Bulletin,NA,NA,"https://scholar.google.com/scholar?cites=13385891443969052451&as_sdt=2005&sciodt=0,5&hl=en",118,TRUE,NA,2,0.67,2,1,3,NA,NA,"https://scholar.google.com/scholar?q=related:I0-3x1g9xLkJ:scholar.google.com/&scioq=source:%22personality+and+social+psychology+bulletin%22&hl=en&as_sdt=0,5&as_ylo=2020&as_yhi=2020"
759,759,INCLUDED- diff title,MISSING_DOI_organizational mindsets shape corporate culture tr,"Organizational mindsets shape corporate culture, trust, and commitment",organizational mindsets shape corporate culture tr,2,"EA Canning, MC Murphy, KT Emerson, JA Chatman…",2020,… Social Psychology Bulletin,NA,NA,"https://scholar.google.com/scholar?cites=12506263118433289359&as_sdt=2005&sciodt=0,5&hl=en",119,TRUE,NA,2,0.67,0,5,3,NA,NA,"https://scholar.google.com/scholar?q=related:jwTJkQssj60J:scholar.google.com/&scioq=source:%22personality+and+social+psychology+bulletin%22&hl=en&as_sdt=0,5&as_ylo=2020&as_yhi=2020"
760,760,INCLUDED- diff title,MISSING_DOI_propensity to follow rules mitigates corrupt colla,Propensity to follow rules mitigates corrupt collaboration and facilitates honesty within groups,propensity to follow rules mitigates corrupt colla,1,"J Gross, CKW De Dreu",2021,Personality and Social Psychology Bulletin,NA,NA,"https://scholar.google.com/scholar?cites=5429283910004676142&as_sdt=2005&sciodt=0,5&hl=en",114,TRUE,NA,1,0.5,1,2,2,NA,NA,NA
761,761,INCLUDED- diff title,MISSING_DOI_prosperous but fearing to fall the wealth paradox ,"Prosperous but fearing to fall: The wealth paradox, collective angst, and opposition to immigration",prosperous but fearing to fall the wealth paradox ,2,"J Jetten, F Mols, N Steffens",2020,Personality and Social Psychology Bulletin,NA,NA,"https://scholar.google.com/scholar?cites=17188060514273184819&as_sdt=2005&sciodt=0,5&hl=en",117,TRUE,NA,2,0.67,1,3,3,NA,NA,"https://scholar.google.com/scholar?q=related:M8wrs_hBiO4J:scholar.google.com/&scioq=source:%22personality+and+social+psychology+bulletin%22&hl=en&as_sdt=0,5&as_ylo=2020&as_yhi=2020"
762,762,INCLUDED- diff title,MISSING_DOI_rand david g 2021 beliefs about covid19 in canada ,"Rand David G (2021) Beliefs About COVID-19 in Canada, the United Kingdom, and the United States: A novel test of political polarization and motivated …",rand david g 2021 beliefs about covid19 in canada ,2,"P Gordon, MP Jonathon, B Bence",2021,Personality and Social Psychology Bulletin,NA,NA,"https://scholar.google.com/scholar?cites=7699142146551916196&as_sdt=2005&sciodt=0,5&hl=en",113,TRUE,NA,2,1,1,3,2,NA,NA,"https://scholar.google.com/scholar?q=related:pCZ3kP3Y2GoJ:scholar.google.com/&scioq=source:%22personality+and+social+psychology+bulletin%22&hl=en&as_sdt=0,5&as_ylo=2021&as_yhi=2021"
763,763,INCLUDED- diff title,MISSING_DOI_rising to power or falling from grace cultural col,Rising to power or falling from grace: Cultural collectivism and tightness moderate responses to norm violators,rising to power or falling from grace cultural col,1,"E Stamkou, GA Van Kleef, AC Homan…",2019,… Psychology Bulletin,"Sage Publications, Inc.",NA,"https://scholar.google.com/scholar?cites=13650673955885684867&as_sdt=2005&sciodt=0,5&hl=en",120,TRUE,NA,1,0.25,0,4,4,NA,NA,"https://scholar.google.com/scholar?q=related:gxg-daPvcL0J:scholar.google.com/&scioq=source:%22personality+and+social+psychology+bulletin%22&hl=en&as_sdt=0,5&as_ylo=2019&as_yhi=2019"
764,764,NOT PSPB,MISSING_DOI_sosyal bilimlerde araştırma yöntemleri 6 baskı i̇s,"Sosyal Bilimlerde Araştırma Yöntemleri, 6. Baskı, İstanbul: Beta Yayıncılık. Jamieson, JP, Harkins, SG &Williams, KD (2010). Need Threat Can Motivate …",sosyal bilimlerde araştırma yöntemleri 6 baskı i̇s,2,"AH İslamoğlu, Ü Alnıaçık",2019,Personality and Social Psychology Bulletin,NA,NA,"https://scholar.google.com/scholar?cites=8314558555194317781&as_sdt=2005&sciodt=0,5&hl=en",123,TRUE,NA,2,0.5,1,2,4,NA,NA,"https://scholar.google.com/scholar?q=related:1duKGvQ-Y3MJ:scholar.google.com/&scioq=source:%22personality+and+social+psychology+bulletin%22&hl=en&as_sdt=0,5&as_ylo=2019&as_yhi=2019"
765,765,INCLUDED- wrong author,MISSING_DOI_threat motivates malevolent creativity,Threat Motivates Malevolent Creativity,threat motivates malevolent creativity,2,"B Matthijs, R Marieke, K Severine, C Yujie…",2019,… Social Psychology Bulletin,NA,NA,"https://scholar.google.com/scholar?cites=14460903115386930669&as_sdt=2005&sciodt=0,5&hl=en",117,TRUE,NA,2,0.5,0,5,4,NA,NA,"https://scholar.google.com/scholar?q=related:7UX6K8Ryr8gJ:scholar.google.com/&scioq=source:%22personality+and+social+psychology+bulletin%22&hl=en&as_sdt=0,5&as_ylo=2019&as_yhi=2019"
766,766,NOT ARTICLE,MISSING_DOI_values and behavior taking a cross culture perpect,Values and behavior: Taking a cross culture perpective,values and behavior taking a cross culture perpect,11,SH Schwartz,2017,Personality and Social Psychology Bulletin,NA,NA,"https://scholar.google.com/scholar?cites=12162090830999914932&as_sdt=2005&sciodt=0,5&hl=en",118,TRUE,NA,11,1.83,11,1,6,NA,NA,"https://scholar.google.com/scholar?q=related:tAnJWyxtyKgJ:scholar.google.com/&scioq=source:%22personality+and+social+psychology+bulletin%22&hl=en&as_sdt=0,5&as_ylo=2017&as_yhi=2017"
767,767,INCLUDED- diff title,MISSING_DOI_we look and feel better through system justifying ,We look (and feel) better through system justifying lenses': Evidence of the palliative function of ideology among the disadvantaged,we look and feel better through system justifying ,10,"J Bahamondes, CG Sibley, D Osborne",2019,Personality and Social Psychology Bulletin,NA,NA,"https://scholar.google.com/scholar?cites=6252948155290298634&as_sdt=2005&sciodt=0,5&hl=en",114,TRUE,NA,10,2.5,3,3,4,NA,NA,"https://scholar.google.com/scholar?q=related:CikDuzfvxlYJ:scholar.google.com/&scioq=source:%22personality+and+social+psychology+bulletin%22&hl=en&as_sdt=0,5&as_ylo=2019&as_yhi=2019"
768,768,INCLUDED- diff title,MISSING_DOI_when doubleminority status may be beneficial obvio,When double-minority status may be beneficial: Obvious and ambiguous social categories interact in perceptions of leadership,when doubleminority status may be beneficial obvio,4,"JP Wilson, JD Remedios, NO Rule",2017,Personality and Social Psychology Bulletin,NA,NA,"https://scholar.google.com/scholar?cites=11449332447269155505&as_sdt=2005&sciodt=0,5&hl=en",120,TRUE,NA,4,0.67,1,3,6,NA,NA,"https://scholar.google.com/scholar?q=related:sfLUGjMz5J4J:scholar.google.com/&scioq=source:%22personality+and+social+psychology+bulletin%22&hl=en&as_sdt=0,5&as_ylo=2017&as_yhi=2017"
770,770,NOT ARTICLE,MISSING_DOI_東アジアにおける死の顕現化研究の現状と今後の展,東アジアにおける死の顕現化研究の現状と今後の展,東アジアにおける死の顕現化研究の現状と今後の展,0,"法卉, 釘原直樹",2018,Personality and Social Psychology Bulletin,ir.library.osaka-u.ac.jp,https://ir.library.osaka-u.ac.jp/repo/ouka/all/70557/jjisp_18_189.pdf,NA,122,TRUE,NA,0,0,0,2,#NAME?,"本稿では, 存在脅威管理理論に基づく死の顕現化研究, 特に, 東アジアを対象とした研究について概観を行った. 存在脅威管理理論によると, 人は自分の死が顕現化されるような操作を受けると …",https://ir.library.osaka-u.ac.jp/repo/ouka/all/70557/jjisp_18_189.pdf,"https://scholar.google.com/scholar?q=related:6G--nJD6MWMJ:scholar.google.com/&scioq=source:%22personality+and+social+psychology+bulletin%22&hl=en&as_sdt=0,5&as_ylo=2018&as_yhi=2018"